Order Date,Region,Category,Sub-Category,Sales,Quantity,Discount,Profit
11/8/2016,South,Furniture,Bookcases,261.96,2,0,41.9136
11/8/2016,South,Furniture,Chairs,731.94,3,0,219.582
6/12/2016,West,Office Supplies,Labels,14.62,2,0,6.8714
10/11/2015,South,Furniture,Tables,957.5775,5,0.45,-383.031
10/11/2015,South,Office Supplies,Storage,22.368,2,0.2,2.5164
6/9/2014,West,Furniture,Furnishings,48.86,7,0,14.1694
6/9/2014,West,Office Supplies,Art,7.28,4,0,1.9656
6/9/2014,West,Technology,Phones,907.152,6,0.2,90.7152
6/9/2014,West,Office Supplies,Binders,18.504,3,0.2,5.7825
6/9/2014,West,Office Supplies,Appliances,114.9,5,0,34.47
6/9/2014,West,Furniture,Tables,1706.184,9,0.2,85.3092
6/9/2014,West,Technology,Phones,911.424,4,0.2,68.3568
4/15/2017,South,Office Supplies,Paper,15.552,3,0.2,5.4432
12/5/2016,West,Office Supplies,Binders,407.976,3,0.2,132.5922
11/22/2015,Central,Office Supplies,Appliances,68.81,5,0.8,-123.858
11/22/2015,Central,Office Supplies,Binders,2.544,3,0.8,-3.816
11/11/2014,Central,Office Supplies,Storage,665.88,6,0,13.3176
5/13/2014,West,Office Supplies,Storage,55.5,2,0,9.99
8/27/2014,West,Office Supplies,Art,8.56,2,0,2.4824
8/27/2014,West,Technology,Phones,213.48,3,0.2,16.011
8/27/2014,West,Office Supplies,Binders,22.72,4,0.2,7.384
12/9/2016,Central,Office Supplies,Art,19.46,7,0,5.0596
12/9/2016,Central,Office Supplies,Appliances,60.34,7,0,15.6884
7/16/2017,East,Furniture,Chairs,71.372,2,0.3,-1.0196
9/25/2015,West,Furniture,Tables,1044.63,3,0,240.2649
1/16/2016,West,Office Supplies,Binders,11.648,2,0.2,4.2224
1/16/2016,West,Technology,Accessories,90.57,3,0,11.7741
9/17/2015,East,Furniture,Bookcases,3083.43,7,0.5,-1665.0522
9/17/2015,East,Office Supplies,Binders,9.618,2,0.7,-7.0532
9/17/2015,East,Furniture,Furnishings,124.2,3,0.2,15.525
9/17/2015,East,Office Supplies,Envelopes,3.264,2,0.2,1.1016
9/17/2015,East,Office Supplies,Art,86.304,6,0.2,9.7092
9/17/2015,East,Office Supplies,Binders,6.858,6,0.7,-5.715
9/17/2015,East,Office Supplies,Art,15.76,2,0.2,3.546
10/19/2017,Central,Office Supplies,Paper,29.472,3,0.2,9.9468
12/8/2016,Central,Technology,Phones,1097.544,7,0.2,123.4737
12/8/2016,Central,Furniture,Furnishings,190.92,5,0.6,-147.963
12/27/2015,Central,Office Supplies,Envelopes,113.328,9,0.2,35.415
12/27/2015,Central,Furniture,Bookcases,532.3992,3,0.32,-46.9764
12/27/2015,Central,Furniture,Chairs,212.058,3,0.3,-15.147
12/27/2015,Central,Technology,Phones,371.168,4,0.2,41.7564
9/10/2017,Central,Technology,Phones,147.168,4,0.2,16.5564
7/17/2016,West,Office Supplies,Storage,77.88,2,0,3.894
9/19/2017,South,Office Supplies,Storage,95.616,2,0.2,9.5616
3/11/2016,Central,Technology,Accessories,45.98,2,0,19.7714
3/11/2016,Central,Office Supplies,Binders,17.46,2,0,8.2062
10/20/2014,Central,Office Supplies,Storage,211.96,4,0,8.4784
6/20/2016,East,Technology,Accessories,45,3,0,4.95
6/20/2016,East,Technology,Phones,21.8,2,0,6.104
4/18/2015,Central,Office Supplies,Binders,38.22,6,0,17.9634
4/18/2015,Central,Office Supplies,Labels,75.18,6,0,35.3346
4/18/2015,Central,Furniture,Furnishings,6.16,2,0,2.9568
4/18/2015,Central,Furniture,Chairs,89.99,1,0,17.0981
12/11/2016,East,Office Supplies,Fasteners,15.26,7,0,6.2566
12/11/2016,East,Technology,Phones,1029.95,5,0,298.6855
6/17/2016,East,Office Supplies,Storage,208.56,6,0,52.14
6/17/2016,East,Office Supplies,Paper,32.4,5,0,15.552
6/17/2016,East,Furniture,Chairs,319.41,5,0.1,7.098
6/17/2016,East,Office Supplies,Paper,14.56,2,0,6.9888
6/17/2016,East,Technology,Accessories,30,2,0,3.3
6/17/2016,East,Office Supplies,Binders,48.48,4,0.2,16.362
6/17/2016,East,Office Supplies,Art,1.68,1,0,0.84
11/24/2015,West,Technology,Accessories,13.98,2,0,6.1512
11/24/2015,West,Office Supplies,Binders,25.824,6,0.2,9.3612
11/24/2015,West,Office Supplies,Paper,146.73,3,0,68.9631
11/24/2015,West,Furniture,Furnishings,79.76,4,0,22.3328
4/30/2015,Central,Furniture,Chairs,213.115,5,0.3,-15.2225
12/5/2014,West,Office Supplies,Art,1113.024,8,0.2,111.3024
12/5/2014,West,Technology,Phones,167.968,4,0.2,62.988
6/4/2016,South,Office Supplies,Paper,75.88,2,0,35.6636
9/18/2016,East,Office Supplies,Binders,4.616,1,0.2,1.731
9/14/2017,Central,Office Supplies,Paper,19.05,3,0,8.763
4/26/2015,South,Furniture,Chairs,831.936,8,0.2,-114.3912
4/26/2015,South,Furniture,Furnishings,97.04,2,0.2,1.213
4/26/2015,South,Office Supplies,Storage,72.784,1,0.2,-18.196
12/9/2017,Central,Office Supplies,Binders,1.248,3,0.8,-1.9344
12/9/2017,Central,Furniture,Furnishings,9.708,3,0.6,-5.8248
12/9/2017,Central,Office Supplies,Storage,27.24,3,0.2,2.724
11/26/2014,Central,Furniture,Furnishings,19.3,5,0.6,-14.475
6/12/2016,South,Office Supplies,Appliances,208.16,1,0,56.2032
6/12/2016,South,Office Supplies,Binders,16.74,3,0,8.0352
10/12/2014,West,Office Supplies,Art,14.9,5,0,4.172
10/12/2014,West,Office Supplies,Storage,21.39,1,0,6.2031
9/3/2015,South,Office Supplies,Envelopes,200.984,7,0.2,62.8075
11/13/2017,Central,Office Supplies,Storage,230.376,3,0.2,-48.9549
5/28/2017,South,Furniture,Chairs,301.96,2,0,33.2156
10/26/2017,Central,Technology,Accessories,19.99,1,0,6.7966
10/26/2017,Central,Office Supplies,Labels,6.16,2,0,2.9568
4/5/2016,Central,Office Supplies,Storage,158.368,7,0.2,13.8572
9/17/2016,West,Office Supplies,Art,20.1,3,0,6.633
9/17/2016,West,Technology,Phones,73.584,2,0.2,8.2782
9/17/2016,West,Office Supplies,Paper,6.48,1,0,3.1104
1/31/2015,Central,Office Supplies,Paper,12.96,2,0,6.2208
1/31/2015,Central,Furniture,Furnishings,53.34,3,0,16.5354
1/31/2015,Central,Office Supplies,Binders,32.96,2,0,16.1504
11/6/2017,West,Office Supplies,Binders,5.682,1,0.7,-3.788
11/9/2017,East,Furniture,Furnishings,96.53,7,0,40.5426
6/17/2017,West,Office Supplies,Binders,51.312,3,0.2,17.9592
9/6/2016,Central,Office Supplies,Appliances,77.88,6,0,22.5852
8/29/2016,Central,Office Supplies,Paper,64.624,7,0.2,22.6184
8/29/2016,Central,Technology,Accessories,95.976,3,0.2,-10.7973
8/29/2016,Central,Office Supplies,Binders,1.788,3,0.8,-3.0396
12/1/2016,Central,Office Supplies,Paper,23.92,4,0,11.7208
11/13/2015,West,Technology,Accessories,238.896,6,0.2,-26.8758
11/13/2015,West,Furniture,Furnishings,102.36,3,0.2,-3.8385
11/13/2015,West,Office Supplies,Binders,36.882,3,0.7,-25.8174
11/23/2017,South,Technology,Accessories,74.112,8,0.2,17.6016
11/23/2017,South,Technology,Phones,27.992,1,0.2,2.0994
11/23/2017,South,Office Supplies,Art,3.304,1,0.2,1.0738
10/15/2015,Central,Technology,Accessories,339.96,5,0.2,67.992
12/25/2017,East,Furniture,Furnishings,41.96,2,0,10.9096
11/3/2016,Central,Office Supplies,Art,75.96,2,0,22.788
11/3/2016,Central,Office Supplies,Binders,27.24,6,0,13.3476
8/25/2014,East,Office Supplies,Fasteners,40.096,14,0.2,14.5348
8/25/2014,East,Office Supplies,Envelopes,4.72,2,0.2,1.652
8/25/2014,East,Office Supplies,Paper,23.976,3,0.2,7.4925
8/25/2014,East,Office Supplies,Envelopes,130.464,6,0.2,44.0316
3/2/2015,West,Furniture,Tables,787.53,3,0,165.3813
4/5/2015,South,Office Supplies,Binders,157.794,1,0.7,-115.7156
6/12/2016,East,Furniture,Furnishings,47.04,3,0,18.3456
6/12/2016,East,Office Supplies,Binders,30.84,4,0,13.878
6/12/2016,East,Office Supplies,Storage,226.56,6,0,63.4368
6/12/2016,East,Office Supplies,Envelopes,115.02,9,0,51.759
6/12/2016,East,Technology,Phones,68.04,7,0,19.7316
12/26/2014,Central,Furniture,Chairs,600.558,3,0.3,-8.5794
9/20/2014,Central,Furniture,Tables,617.7,6,0.5,-407.682
11/5/2017,West,Office Supplies,Binders,2.388,2,0.7,-1.8308
11/5/2017,West,Office Supplies,Storage,243.992,7,0.2,30.499
11/6/2016,West,Furniture,Chairs,81.424,2,0.2,-9.1602
11/6/2016,West,Furniture,Furnishings,238.56,3,0,26.2416
2/2/2017,East,Technology,Phones,59.97,5,0.4,-11.994
2/2/2017,East,Office Supplies,Paper,78.304,2,0.2,29.364
2/2/2017,East,Office Supplies,Fasteners,21.456,9,0.2,6.9732
10/13/2016,West,Office Supplies,Paper,20.04,3,0,9.6192
10/13/2016,West,Office Supplies,Paper,35.44,1,0,16.6568
10/13/2016,West,Office Supplies,Art,11.52,4,0,3.456
10/13/2016,West,Office Supplies,Fasteners,4.02,2,0,1.9698
10/13/2016,West,Office Supplies,Binders,76.176,3,0.2,26.6616
10/13/2016,West,Office Supplies,Supplies,65.88,6,0,18.4464
10/13/2016,West,Furniture,Furnishings,43.12,14,0,20.6976
9/5/2016,East,Furniture,Furnishings,82.8,2,0.2,10.35
9/18/2017,West,Office Supplies,Art,8.82,3,0,2.3814
9/18/2017,West,Office Supplies,Envelopes,10.86,3,0,5.1042
9/18/2017,West,Office Supplies,Paper,143.7,3,0,68.976
12/22/2017,Central,Office Supplies,Appliances,839.43,3,0,218.2518
9/7/2015,West,Office Supplies,Storage,671.93,7,0,20.1579
10/22/2014,East,Furniture,Furnishings,93.888,4,0.2,12.9096
12/5/2016,Central,Technology,Phones,384.45,11,0,103.8015
12/5/2016,Central,Technology,Phones,149.97,3,0,5.9988
12/5/2016,Central,Furniture,Chairs,1951.84,8,0,585.552
12/5/2016,Central,Office Supplies,Binders,171.55,5,0,80.6285
3/13/2016,West,Office Supplies,Appliances,157.92,5,0.2,17.766
3/13/2016,West,Technology,Phones,203.184,2,0.2,15.2388
5/31/2015,West,Office Supplies,Paper,58.38,7,0,26.271
5/31/2015,West,Office Supplies,Paper,105.52,4,0,48.5392
5/31/2015,West,Office Supplies,Storage,80.88,6,0,21.0288
5/28/2015,West,Office Supplies,Art,6.63,3,0,1.7901
3/1/2014,West,Furniture,Chairs,457.568,2,0.2,51.4764
11/20/2016,Central,Office Supplies,Labels,14.62,2,0,6.8714
11/20/2016,Central,Technology,Phones,944.93,7,0,236.2325
5/11/2016,West,Office Supplies,Paper,5.98,1,0,2.691
12/28/2015,East,Technology,Accessories,54.384,2,0.2,1.3596
11/16/2016,West,Office Supplies,Envelopes,28.4,5,0,13.348
11/7/2016,West,Office Supplies,Binders,27.68,2,0.2,9.688
9/8/2014,Central,Office Supplies,Art,9.936,3,0.2,2.7324
9/8/2014,Central,Technology,Machines,8159.952,8,0.4,-1359.992
9/8/2014,Central,Office Supplies,Storage,275.928,3,0.2,-58.6347
9/8/2014,Central,Furniture,Chairs,1740.06,9,0.3,-24.858
9/8/2014,Central,Office Supplies,Art,32.064,6,0.2,6.8136
9/8/2014,Central,Office Supplies,Appliances,177.98,5,0.8,-453.849
9/8/2014,Central,Technology,Phones,143.976,3,0.2,8.9985
8/5/2014,West,Office Supplies,Paper,20.94,3,0,9.8418
8/5/2014,West,Office Supplies,Paper,110.96,2,0,53.2608
8/5/2014,West,Furniture,Chairs,340.144,7,0.2,21.259
9/14/2014,Central,Office Supplies,Appliances,52.448,2,0.8,-131.12
9/14/2014,Central,Office Supplies,Labels,20.16,4,0.2,6.552
4/21/2017,Central,Office Supplies,Appliances,97.264,4,0.8,-243.16
11/21/2015,East,Furniture,Chairs,396.802,7,0.3,-11.3372
11/21/2015,East,Office Supplies,Supplies,15.88,5,0.2,-3.7715
12/15/2015,East,Office Supplies,Art,3.28,1,0,1.4104
12/5/2014,Central,Office Supplies,Storage,24.816,2,0.2,1.8612
12/5/2014,Central,Technology,Accessories,408.744,7,0.2,76.6395
11/19/2014,South,Technology,Phones,503.96,4,0,131.0296
11/19/2014,South,Technology,Phones,149.95,5,0,41.986
11/19/2014,South,Technology,Accessories,29,2,0,7.25
11/28/2016,East,Office Supplies,Binders,7.16,2,0,3.4368
8/26/2014,West,Technology,Accessories,176.8,8,0,22.984
7/16/2016,Central,Office Supplies,Storage,37.224,3,0.2,3.7224
7/16/2016,Central,Office Supplies,Paper,20.016,3,0.2,6.255
10/12/2015,East,Furniture,Bookcases,899.136,4,0.2,112.392
10/12/2015,East,Technology,Phones,71.76,6,0,20.0928
10/12/2015,East,Office Supplies,Paper,51.84,8,0,24.8832
10/12/2015,East,Furniture,Bookcases,626.352,3,0.2,46.9764
10/12/2015,East,Office Supplies,Art,19.9,5,0,6.567
10/31/2015,West,Office Supplies,Envelopes,14.28,7,0,6.7116
3/21/2014,East,Office Supplies,Art,7.408,2,0.2,1.2038
3/21/2014,East,Office Supplies,Art,6.048,3,0.2,1.5876
11/6/2017,East,Office Supplies,Storage,46.26,3,0,12.0276
7/6/2017,East,Office Supplies,Binders,2.946,2,0.7,-2.2586
7/6/2017,East,Office Supplies,Paper,16.056,3,0.2,5.8203
6/24/2017,East,Office Supplies,Paper,21.744,3,0.2,6.795
8/3/2014,West,Furniture,Tables,218.75,2,0.5,-161.875
8/3/2014,West,Office Supplies,Appliances,2.6,1,0.2,0.2925
12/17/2017,Central,Office Supplies,Appliances,66.284,2,0.8,-178.9668
6/3/2017,South,Furniture,Furnishings,35.168,7,0.2,9.6712
12/9/2017,West,Technology,Phones,444.768,4,0.2,44.4768
12/1/2017,Central,Office Supplies,Storage,83.92,4,0,5.8744
12/1/2017,Central,Technology,Phones,131.98,2,0,35.6346
12/1/2017,Central,Office Supplies,Binders,15.92,4,0,7.4824
12/1/2017,Central,Office Supplies,Fasteners,52.29,9,0,16.2099
12/1/2017,Central,Office Supplies,Storage,91.99,1,0,3.6796
2/9/2015,Central,Technology,Accessories,20.8,2,0.2,6.5
1/2/2015,East,Office Supplies,Labels,23.68,2,0.2,8.88
1/2/2015,East,Furniture,Bookcases,452.45,5,0.5,-244.323
1/2/2015,East,Technology,Phones,62.982,3,0.4,-14.6958
1/2/2015,East,Technology,Machines,1188,9,0.7,-950.4
1/2/2015,East,Technology,Accessories,89.584,2,0.2,4.4792
10/28/2016,West,Office Supplies,Storage,93.06,6,0,26.0568
10/28/2016,West,Technology,Phones,302.376,3,0.2,22.6782
12/24/2015,East,Office Supplies,Fasteners,5.584,2,0.2,1.8148
12/24/2015,East,Office Supplies,Paper,22.704,6,0.2,8.2302
12/24/2015,East,Office Supplies,Binders,19.776,4,0.7,-13.8432
12/24/2015,East,Furniture,Furnishings,72.704,4,0.2,19.0848
12/24/2015,East,Technology,Machines,479.988,4,0.7,-383.9904
12/24/2015,East,Office Supplies,Art,27.168,2,0.2,2.7168
8/9/2015,Central,Office Supplies,Art,2.2,1,0,0.968
8/9/2015,Central,Furniture,Tables,622.45,5,0,136.939
8/9/2015,Central,Office Supplies,Storage,21.98,1,0,0.2198
2/28/2015,South,Furniture,Chairs,161.568,2,0.2,-28.2744
2/28/2015,South,Furniture,Chairs,389.696,8,0.2,43.8408
9/13/2014,South,Office Supplies,Binders,18.648,7,0.7,-12.432
4/7/2017,South,Furniture,Tables,233.86,2,0.45,-102.048
4/7/2017,South,Furniture,Tables,620.6145,3,0.45,-248.2458
4/7/2017,South,Office Supplies,Binders,5.328,2,0.7,-3.552
4/7/2017,South,Furniture,Furnishings,258.072,3,0.2,0
4/7/2017,South,Technology,Accessories,617.976,3,0.2,-7.7247
11/12/2017,West,Office Supplies,Paper,10.56,2,0,4.752
6/4/2016,Central,Office Supplies,Paper,25.92,5,0.2,9.396
6/4/2016,Central,Furniture,Furnishings,419.68,5,0.6,-356.728
6/4/2016,Central,Furniture,Furnishings,11.688,3,0.6,-4.6752
6/4/2016,Central,Technology,Phones,31.984,2,0.2,11.1944
6/4/2016,Central,Furniture,Tables,177.225,5,0.5,-120.513
6/4/2016,Central,Furniture,Furnishings,4.044,3,0.6,-2.8308
6/4/2016,Central,Office Supplies,Art,7.408,2,0.2,1.2038
6/1/2014,Central,Furniture,Chairs,2001.86,7,0,580.5394
6/1/2014,Central,Office Supplies,Storage,166.72,2,0,41.68
6/1/2014,Central,Office Supplies,Paper,47.88,6,0,23.94
6/1/2014,Central,Office Supplies,Appliances,1503.25,5,0,496.0725
6/1/2014,Central,Office Supplies,Paper,25.92,4,0,12.4416
12/10/2016,West,Furniture,Chairs,321.568,2,0.2,28.1372
9/11/2016,West,Office Supplies,Paper,7.61,1,0,3.5767
9/11/2016,West,Technology,Accessories,3347.37,13,0,636.0003
12/10/2016,East,Office Supplies,Storage,80.58,6,0,22.5624
12/10/2016,East,Office Supplies,Envelopes,361.92,4,0,162.864
11/28/2015,Central,Furniture,Furnishings,12.132,9,0.6,-8.4924
11/28/2015,Central,Office Supplies,Storage,82.368,2,0.2,-19.5624
11/28/2015,Central,Office Supplies,Storage,53.92,5,0.2,4.044
11/28/2015,Central,Technology,Phones,647.904,6,0.2,56.6916
12/1/2017,East,Technology,Accessories,20.37,3,0,6.9258
12/1/2017,East,Office Supplies,Storage,221.55,3,0,6.6465
12/1/2017,East,Office Supplies,Binders,17.52,5,0.2,6.132
6/8/2017,Central,Office Supplies,Appliances,1.624,2,0.8,-4.466
9/19/2014,Central,Technology,Machines,3059.982,3,0.4,-509.997
9/19/2014,Central,Technology,Machines,2519.958,7,0.4,-251.9958
6/6/2016,Central,Technology,Phones,328.224,4,0.2,28.7196
11/10/2015,West,Technology,Accessories,79.9,2,0,35.156
6/16/2017,South,Office Supplies,Art,14.016,3,0.2,4.7304
1/22/2016,East,Office Supplies,Fasteners,7.56,6,0,0.3024
12/9/2017,East,Office Supplies,Storage,37.208,1,0.2,-7.4416
12/9/2017,East,Office Supplies,Envelopes,57.576,3,0.2,21.591
12/28/2017,West,Office Supplies,Storage,725.84,4,0,210.4936
7/30/2015,West,Technology,Accessories,209.93,7,0,92.3692
7/30/2015,West,Furniture,Furnishings,5.28,3,0,2.3232
7/30/2015,West,Office Supplies,Binders,10.92,3,0.2,4.095
9/16/2017,West,Office Supplies,Paper,8.82,2,0,4.0572
9/16/2017,West,Office Supplies,Art,5.98,1,0,1.5548
10/13/2017,East,Office Supplies,Paper,11.648,2,0.2,4.0768
10/13/2017,East,Office Supplies,Paper,18.176,4,0.2,5.9072
10/13/2017,East,Office Supplies,Storage,59.712,6,0.2,5.9712
10/13/2017,East,Office Supplies,Labels,24.84,3,0.2,8.694
9/26/2015,Central,Office Supplies,Binders,2.08,5,0.8,-3.432
9/26/2015,Central,Technology,Phones,1114.4,7,0.2,376.11
11/2/2015,West,Furniture,Tables,1038.84,5,0.2,51.942
9/26/2015,West,Office Supplies,Paper,141.76,5,0.2,47.844
9/26/2015,West,Technology,Accessories,239.8,5,0.2,47.96
9/26/2015,West,Office Supplies,Paper,31.104,6,0.2,10.8864
12/18/2016,South,Office Supplies,Binders,254.058,7,0.7,-169.372
12/18/2016,South,Office Supplies,Appliances,194.528,2,0.2,24.316
12/18/2016,South,Office Supplies,Supplies,961.48,5,0.2,-204.3145
11/20/2016,East,Office Supplies,Fasteners,19.096,7,0.2,6.6836
11/20/2016,East,Office Supplies,Labels,18.496,8,0.2,6.2424
11/20/2016,East,Technology,Accessories,255.984,2,0.2,54.3966
11/20/2016,East,Furniture,Bookcases,86.97,3,0.5,-48.7032
12/26/2014,West,Furniture,Furnishings,300.416,8,0.2,78.8592
12/26/2014,West,Furniture,Chairs,230.352,3,0.2,20.1558
12/26/2014,West,Furniture,Furnishings,218.352,3,0.2,-24.5646
12/26/2014,West,Office Supplies,Binders,78.6,5,0.7,-62.88
12/26/2014,West,Office Supplies,Fasteners,27.552,3,0.2,9.2988
10/28/2016,East,Office Supplies,Paper,32.4,5,0,15.552
10/28/2016,East,Office Supplies,Storage,1082.48,8,0,10.8248
10/28/2016,East,Office Supplies,Paper,56.91,3,0,27.3168
10/28/2016,East,Furniture,Furnishings,77.6,4,0,38.024
10/28/2016,East,Office Supplies,Binders,14.28,1,0,6.5688
11/19/2017,Central,Furniture,Tables,219.075,3,0.5,-131.445
5/4/2015,East,Furniture,Furnishings,26.8,2,0,12.864
12/30/2014,Central,Office Supplies,Art,9.84,3,0,2.8536
6/1/2014,East,Office Supplies,Binders,45.48,3,0,20.9208
6/1/2014,East,Office Supplies,Art,289.2,6,0,83.868
4/15/2017,South,Office Supplies,Art,4.89,1,0,2.0049
9/12/2016,West,Furniture,Furnishings,15.136,4,0.2,3.5948
9/12/2016,West,Furniture,Chairs,466.768,2,0.2,52.5114
9/12/2016,West,Furniture,Furnishings,15.232,1,0.2,1.7136
9/12/2016,West,Office Supplies,Labels,6.264,3,0.2,2.0358
9/27/2014,East,Furniture,Furnishings,87.54,3,0,37.6422
8/9/2014,South,Technology,Phones,178.384,2,0.2,22.298
8/9/2014,South,Office Supplies,Paper,15.552,3,0.2,5.4432
12/28/2014,East,Office Supplies,Art,99.136,4,0.2,8.6744
11/4/2014,East,Furniture,Chairs,135.882,1,0.1,24.1568
11/4/2014,East,Technology,Machines,3991.98,2,0,1995.99
11/4/2014,East,Technology,Phones,275.94,6,0,80.0226
11/4/2014,East,Technology,Accessories,360,4,0,129.6
11/4/2014,East,Office Supplies,Storage,43.57,1,0,13.071
9/19/2014,West,Office Supplies,Fasteners,7.16,2,0,3.58
4/23/2016,West,Office Supplies,Binders,251.52,6,0.2,81.744
4/23/2016,West,Technology,Accessories,99.99,1,0,34.9965
11/3/2017,South,Furniture,Furnishings,15.992,1,0.2,0.9995
8/30/2016,East,Technology,Phones,290.898,3,0.4,-67.8762
8/30/2016,East,Office Supplies,Storage,54.224,2,0.2,3.389
8/30/2016,East,Furniture,Chairs,786.744,4,0.3,-258.5016
8/30/2016,East,Office Supplies,Labels,100.24,10,0.2,33.831
8/30/2016,East,Office Supplies,Binders,37.764,6,0.7,-27.6936
4/25/2016,East,Technology,Phones,82.8,2,0.4,-20.7
4/25/2016,East,Office Supplies,Binders,20.724,2,0.7,-13.816
4/25/2016,East,Office Supplies,Binders,4.896,3,0.7,-3.4272
9/1/2015,West,Office Supplies,Binders,4.752,1,0.2,1.6038
9/1/2015,West,Technology,Copiers,959.984,2,0.2,335.9944
9/1/2015,West,Office Supplies,Binders,14.368,4,0.2,4.49
7/12/2014,West,Office Supplies,Binders,7.712,2,0.2,2.7956
7/12/2014,West,Furniture,Tables,698.352,3,0.2,-17.4588
6/22/2015,West,Office Supplies,Fasteners,4.96,4,0,2.3312
4/13/2014,East,Office Supplies,Art,17.856,4,0.2,1.116
4/13/2014,East,Office Supplies,Binders,509.97,10,0.7,-407.976
4/13/2014,East,Office Supplies,Fasteners,30.992,13,0.2,10.0724
4/13/2014,East,Technology,Phones,71.928,12,0.4,8.3916
12/20/2015,Central,Office Supplies,Storage,88.8,4,0.2,-2.22
6/15/2017,West,Technology,Phones,47.976,3,0.2,4.7976
7/8/2017,East,Office Supplies,Art,7.56,3,0,3.0996
7/8/2017,East,Office Supplies,Paper,24.56,2,0,11.5432
7/8/2017,East,Office Supplies,Art,12.96,2,0,4.1472
9/1/2016,East,Technology,Accessories,6.79,1,0,2.3086
9/1/2016,East,Office Supplies,Paper,24.56,2,0,11.5432
9/1/2016,East,Office Supplies,Binders,3.048,1,0.2,1.0668
9/1/2016,East,Office Supplies,Paper,49.12,4,0,23.0864
9/1/2016,East,Office Supplies,Binders,4355.168,4,0.2,1415.4296
4/8/2016,East,Furniture,Bookcases,388.704,6,0.2,-4.8588
4/8/2016,East,Office Supplies,Envelopes,8.26,2,0,3.7996
4/8/2016,East,Office Supplies,Art,17.04,4,0,6.9864
4/8/2016,East,Office Supplies,Paper,34.4,5,0,15.824
4/23/2016,South,Office Supplies,Paper,36.24,5,0.2,11.325
3/8/2017,South,Office Supplies,Appliances,647.84,8,0,168.4384
3/8/2017,South,Office Supplies,Labels,20.7,2,0,9.936
9/25/2017,East,Office Supplies,Labels,20.7,2,0,9.936
9/25/2017,East,Furniture,Chairs,488.646,3,0.1,86.8704
9/25/2017,East,Office Supplies,Art,5.56,2,0,1.4456
9/25/2017,East,Furniture,Furnishings,47.12,8,0,20.7328
9/24/2014,West,Office Supplies,Storage,211.96,4,0,8.4784
10/21/2016,East,Office Supplies,Binders,23.2,4,0,10.44
10/21/2016,East,Office Supplies,Supplies,7.36,2,0,0.1472
10/21/2016,East,Office Supplies,Storage,104.79,7,0,29.3412
10/21/2016,East,Furniture,Bookcases,1043.92,4,0,271.4192
5/29/2017,Central,Office Supplies,Paper,25.92,5,0.2,9.396
5/29/2017,Central,Office Supplies,Storage,53.424,3,0.2,4.6746
7/23/2014,West,Office Supplies,Binders,8.16,5,0.7,-5.712
7/23/2014,West,Technology,Accessories,1023.936,8,0.2,179.1888
7/23/2014,West,Office Supplies,Art,9.24,1,0.2,0.924
7/23/2014,West,Technology,Accessories,479.04,10,0.2,-29.94
9/28/2016,Central,Office Supplies,Paper,99.136,4,0.2,30.98
8/27/2017,East,Furniture,Tables,1488.424,7,0.3,-297.6848
4/28/2015,Central,Office Supplies,Appliances,8.652,3,0.8,-20.3322
4/28/2015,Central,Office Supplies,Storage,23.832,3,0.2,2.6811
4/28/2015,Central,Office Supplies,Binders,12.176,4,0.8,-18.8728
10/28/2016,West,Office Supplies,Paper,50.96,7,0,25.48
10/28/2016,West,Office Supplies,Binders,49.536,3,0.2,17.3376
6/26/2015,Central,Technology,Accessories,41.9,2,0,8.799
11/27/2015,South,Furniture,Tables,375.4575,3,0.45,-157.0095
11/27/2015,South,Technology,Accessories,83.976,3,0.2,-1.0497
12/3/2015,East,Technology,Machines,482.34,4,0.7,-337.638
12/3/2015,East,Furniture,Furnishings,2.96,1,0.2,0.777
11/24/2014,East,Office Supplies,Art,2.624,1,0.2,0.4264
12/11/2017,East,Office Supplies,Binders,23.36,4,0.2,7.884
12/11/2017,East,Technology,Accessories,39.98,2,0,13.5932
9/21/2014,West,Technology,Phones,246.384,2,0.2,27.7182
9/21/2014,West,Technology,Copiers,1799.97,3,0,701.9883
6/7/2014,Central,Office Supplies,Binders,12.462,3,0.8,-20.5623
6/30/2017,West,Office Supplies,Binders,75.792,3,0.2,25.5798
10/17/2017,East,Office Supplies,Storage,49.96,2,0,9.4924
10/17/2017,East,Office Supplies,Paper,12.96,2,0,6.2208
10/31/2015,Central,Office Supplies,Supplies,70.12,4,0,21.036
9/8/2016,Central,Office Supplies,Storage,35.952,3,0.2,3.5952
9/8/2016,Central,Furniture,Bookcases,2396.2656,4,0.32,-317.1528
9/8/2016,Central,Office Supplies,Storage,131.136,4,0.2,-32.784
9/8/2016,Central,Technology,Accessories,57.584,2,0.2,0.7198
12/24/2014,South,Office Supplies,Paper,9.568,2,0.2,3.4684
4/16/2014,South,Office Supplies,Art,39.072,6,0.2,9.768
12/24/2017,East,Office Supplies,Appliances,35.91,3,0,9.6957
12/8/2017,West,Technology,Accessories,179.95,5,0,37.7895
12/8/2017,West,Technology,Copiers,1199.976,3,0.2,434.9913
12/8/2017,West,Office Supplies,Paper,27.15,5,0,13.3035
12/8/2017,West,Furniture,Tables,1004.024,7,0.2,-112.9527
12/8/2017,West,Office Supplies,Paper,9.68,1,0,4.6464
12/8/2017,West,Office Supplies,Labels,28.35,9,0,13.608
12/8/2017,West,Office Supplies,Paper,55.98,1,0,27.4302
12/8/2017,West,Furniture,Bookcases,1336.829,13,0.15,31.4548
12/8/2017,West,Furniture,Chairs,113.568,2,0.2,-18.4548
11/3/2017,West,Office Supplies,Paper,139.86,7,0,65.7342
11/3/2017,West,Furniture,Chairs,307.136,4,0.2,26.8744
6/24/2017,West,Office Supplies,Art,95.92,8,0,25.8984
4/14/2016,West,Furniture,Chairs,383.8,5,0.2,38.38
11/6/2017,South,Office Supplies,Paper,5.78,1,0,2.8322
3/4/2017,West,Office Supplies,Art,9.32,4,0,2.7028
3/4/2017,West,Office Supplies,Envelopes,15.25,1,0,7.015
6/22/2014,West,Technology,Accessories,196.752,6,0.2,56.5662
10/19/2017,East,Furniture,Furnishings,56.56,4,0,14.7056
10/19/2017,East,Office Supplies,Storage,32.7,3,0,8.502
8/21/2017,South,Furniture,Chairs,866.4,4,0,225.264
11/23/2017,Central,Furniture,Furnishings,28.4,2,0,11.076
11/23/2017,Central,Office Supplies,Binders,287.92,8,0,138.2016
9/12/2014,East,Technology,Machines,69.99,1,0,30.0957
10/1/2017,Central,Office Supplies,Art,6.672,6,0.2,0.5004
4/15/2016,South,Office Supplies,Binders,189.588,2,0.7,-145.3508
4/15/2016,South,Technology,Accessories,408.744,7,0.2,76.6395
4/15/2016,South,Technology,Accessories,291.96,5,0.2,54.7425
4/15/2016,South,Office Supplies,Storage,4.768,2,0.2,-0.7748
6/6/2016,East,Office Supplies,Storage,714.3,5,0,207.147
12/19/2014,South,Office Supplies,Binders,4.812,2,0.7,-3.6892
12/19/2014,South,Technology,Accessories,247.8,5,0.2,-18.585
6/12/2016,Central,Technology,Machines,1007.979,3,0.3,43.1991
6/12/2016,Central,Office Supplies,Paper,313.488,7,0.2,113.6394
9/15/2017,Central,Office Supplies,Paper,31.872,8,0.2,11.5536
1/20/2017,East,Furniture,Chairs,207.846,3,0.1,2.3094
9/5/2016,Central,Furniture,Furnishings,12.22,1,0,3.666
9/5/2016,Central,Office Supplies,Storage,194.94,3,0,23.3928
9/5/2016,Central,Office Supplies,Storage,70.95,3,0,20.5755
9/5/2016,Central,Office Supplies,Paper,91.36,4,0,42.0256
9/5/2016,Central,Furniture,Chairs,242.94,3,0,29.1528
9/5/2016,Central,Office Supplies,Labels,22.05,7,0,10.584
3/20/2017,Central,Furniture,Furnishings,2.91,1,0,1.3677
4/1/2016,East,Office Supplies,Art,59.52,3,0,15.4752
4/1/2016,East,Office Supplies,Storage,161.94,3,0,9.7164
4/1/2016,East,Office Supplies,Art,263.88,6,0,71.2476
4/1/2016,East,Office Supplies,Art,30.48,3,0,7.9248
4/1/2016,East,Office Supplies,Art,9.84,3,0,2.8536
4/1/2016,East,Technology,Phones,35.12,4,0,9.1312
10/20/2017,East,Furniture,Tables,284.364,2,0.4,-75.8304
10/20/2017,East,Office Supplies,Storage,665.408,2,0.2,66.5408
12/13/2016,Central,Technology,Accessories,63.88,4,0,24.9132
2/12/2014,West,Furniture,Chairs,129.568,2,0.2,-24.294
9/26/2016,Central,Furniture,Chairs,747.558,3,0.3,-96.1146
9/26/2016,Central,Office Supplies,Envelopes,8.928,2,0.2,3.348
12/15/2015,West,Office Supplies,Appliances,103.92,4,0,36.372
12/15/2015,West,Technology,Accessories,899.91,9,0,377.9622
12/15/2015,West,Office Supplies,Binders,51.312,3,0.2,18.6006
4/22/2016,West,Furniture,Furnishings,23.56,5,0.2,7.068
4/22/2016,West,Furniture,Tables,1272.63,6,0.5,-814.4832
4/22/2016,West,Office Supplies,Binders,28.485,5,0.7,-20.889
4/22/2016,West,Office Supplies,Supplies,185.376,2,0.2,-34.758
4/22/2016,West,Office Supplies,Appliances,78.272,2,0.2,5.8704
1/17/2015,Central,Furniture,Furnishings,254.744,7,0.6,-312.0614
3/31/2017,Central,Furniture,Bookcases,205.3328,2,0.32,-36.2352
12/16/2016,Central,Office Supplies,Binders,4.788,3,0.8,-7.9002
12/20/2015,East,Office Supplies,Paper,55.48,1,0,26.6304
11/9/2014,West,Office Supplies,Storage,340.92,3,0,3.4092
11/9/2014,West,Furniture,Bookcases,222.666,2,0.15,10.4784
11/9/2014,West,Technology,Phones,703.968,4,0.2,87.996
11/9/2014,West,Office Supplies,Storage,92.52,6,0,24.9804
11/9/2014,West,Office Supplies,Paper,62.65,7,0,28.819
11/9/2014,West,Office Supplies,Paper,94.85,5,0,45.528
7/12/2016,West,Technology,Phones,95.76,6,0.2,7.182
10/27/2016,East,Furniture,Furnishings,40.2,3,0,19.296
6/26/2016,East,Office Supplies,Art,14.7,5,0,6.615
6/26/2016,East,Office Supplies,Storage,704.25,5,0,84.51
10/6/2014,West,Technology,Accessories,9.09,3,0,1.9089
7/22/2014,East,Office Supplies,Art,5.96,2,0,1.6688
7/22/2014,East,Technology,Accessories,159.98,2,0,57.5928
6/10/2017,West,Office Supplies,Labels,29.6,2,0,14.8
6/10/2017,West,Furniture,Bookcases,514.165,5,0.15,-30.245
6/10/2017,West,Technology,Phones,279.96,5,0.2,17.4975
10/29/2014,Central,Technology,Phones,2735.952,6,0.2,341.994
6/9/2014,Central,Technology,Phones,7.992,1,0.2,0.5994
6/9/2014,Central,Technology,Accessories,63.984,2,0.2,10.3974
6/9/2014,Central,Office Supplies,Art,70.368,2,0.2,6.1572
9/14/2014,East,Office Supplies,Storage,449.15,5,0,8.983
9/14/2014,East,Office Supplies,Envelopes,11.07,3,0,5.0922
5/9/2016,West,Technology,Accessories,93.98,2,0,13.1572
3/18/2016,South,Furniture,Tables,189.882,3,0.4,-94.941
12/27/2015,South,Office Supplies,Envelopes,105.42,2,0,51.6558
7/25/2016,West,Office Supplies,Binders,119.616,8,0.2,40.3704
7/25/2016,West,Furniture,Furnishings,255.76,4,0,81.8432
7/25/2016,West,Furniture,Chairs,241.568,2,0.2,18.1176
7/25/2016,West,Furniture,Furnishings,69.3,9,0,22.869
5/30/2016,West,Office Supplies,Binders,22.62,2,0.7,-15.08
5/30/2016,West,Office Supplies,Binders,14.952,2,0.7,-11.9616
5/30/2016,West,Furniture,Chairs,801.568,2,0.2,50.098
5/30/2016,West,Office Supplies,Binders,2.376,3,0.7,-1.9008
5/30/2016,West,Office Supplies,Paper,32.792,1,0.2,11.8871
11/12/2017,East,Office Supplies,Binders,15.92,5,0.2,5.373
3/16/2015,South,Office Supplies,Art,2.74,1,0,0.7398
3/16/2015,South,Office Supplies,Art,8.34,3,0,2.1684
3/16/2015,South,Office Supplies,Storage,46.74,3,0,11.685
3/16/2015,South,Office Supplies,Binders,6354.95,5,0,3177.475
11/26/2017,Central,Furniture,Furnishings,126.3,3,0,40.416
11/26/2017,Central,Technology,Accessories,38.04,2,0,12.1728
10/20/2016,East,Office Supplies,Art,7.152,3,0.2,0.7152
12/21/2017,West,Office Supplies,Art,6.63,3,0,1.7901
12/21/2017,West,Office Supplies,Art,5.88,2,0,1.7052
1/22/2017,West,Technology,Copiers,2999.95,5,0,1379.977
1/22/2017,West,Office Supplies,Storage,51.45,3,0,13.8915
1/22/2017,West,Office Supplies,Paper,11.96,2,0,5.382
1/22/2017,West,Office Supplies,Storage,1126.02,3,0,56.301
3/22/2015,Central,Technology,Accessories,18.392,1,0.2,5.2877
3/22/2015,Central,Office Supplies,Storage,129.568,2,0.2,-25.9136
3/22/2015,Central,Office Supplies,Binders,14.112,9,0.8,-21.168
1/23/2017,Central,Furniture,Tables,210.98,2,0,21.098
5/21/2016,West,Technology,Phones,55.176,3,0.2,-12.4146
5/21/2016,West,Technology,Accessories,66.26,2,0,27.1666
12/26/2015,East,Office Supplies,Fasteners,22.2,5,0,10.434
10/21/2017,South,Furniture,Chairs,683.952,3,0.2,42.747
10/21/2017,South,Furniture,Furnishings,45.696,3,0.2,5.1408
9/3/2015,East,Office Supplies,Storage,36.336,3,0.2,-7.2672
9/3/2015,East,Office Supplies,Supplies,666.248,1,0.2,-149.9058
9/3/2015,East,Office Supplies,Envelopes,52.512,6,0.2,19.692
11/7/2015,West,Furniture,Chairs,190.72,1,0.2,11.92
9/7/2017,West,Furniture,Furnishings,47.94,3,0,2.397
5/29/2016,South,Technology,Phones,979.95,5,0,274.386
5/29/2016,South,Office Supplies,Binders,22.75,5,0,11.375
7/10/2016,West,Office Supplies,Storage,16.768,2,0.2,1.4672
9/3/2017,Central,Office Supplies,Binders,42.616,7,0.8,-68.1856
12/3/2015,East,Office Supplies,Binders,10.752,4,0.2,3.36
12/7/2015,South,Office Supplies,Appliances,152.94,3,0,41.2938
12/7/2015,South,Furniture,Chairs,283.92,4,0,70.98
2/1/2014,Central,Technology,Accessories,468.9,6,0,206.316
7/14/2016,West,Technology,Phones,380.864,8,0.2,38.0864
12/18/2015,East,Office Supplies,Storage,646.776,9,0.2,-145.5246
5/11/2014,Central,Technology,Accessories,58.112,2,0.2,7.264
5/11/2014,Central,Technology,Phones,100.792,1,0.2,6.2995
5/11/2014,Central,Furniture,Furnishings,66.112,4,0.6,-84.2928
11/19/2017,East,Office Supplies,Binders,41.28,6,0.2,13.932
11/19/2017,East,Office Supplies,Paper,13.36,2,0,6.4128
11/15/2015,Central,Office Supplies,Storage,250.272,9,0.2,15.642
11/15/2015,Central,Office Supplies,Binders,11.364,3,0.8,-17.046
11/15/2015,Central,Office Supplies,Supplies,8.72,5,0.2,-1.744
4/15/2016,West,Furniture,Chairs,1121.568,2,0.2,0
9/11/2017,South,Furniture,Furnishings,34.504,1,0.2,6.0382
11/24/2017,Central,Office Supplies,Fasteners,10.824,3,0.2,2.5707
6/29/2017,West,Office Supplies,Storage,1295.78,2,0,310.9872
3/3/2014,South,Office Supplies,Art,19.456,4,0.2,3.4048
6/10/2016,West,Office Supplies,Labels,20.7,2,0,9.936
6/10/2016,West,Furniture,Tables,1335.68,4,0.2,-217.048
6/10/2016,West,Office Supplies,Paper,32.4,5,0,15.552
11/20/2017,West,Furniture,Furnishings,42.6,3,0,16.614
11/20/2017,West,Office Supplies,Binders,84.056,7,0.2,27.3182
9/14/2014,South,Office Supplies,Appliances,13,5,0.2,1.3
9/14/2014,South,Furniture,Furnishings,13.128,3,0.2,3.7743
12/7/2015,West,Office Supplies,Fasteners,3.96,2,0,0
12/7/2015,West,Office Supplies,Labels,2.61,1,0,1.2006
12/7/2017,West,Technology,Phones,374.376,3,0.2,46.797
10/1/2017,West,Office Supplies,Paper,91.84,8,0,45.0016
10/1/2017,West,Office Supplies,Binders,81.088,7,0.2,27.3672
10/1/2017,West,Office Supplies,Paper,19.44,3,0,9.3312
10/1/2017,West,Furniture,Chairs,451.152,3,0.2,0
12/28/2017,East,Office Supplies,Labels,72.45,7,0,34.776
12/28/2017,East,Office Supplies,Fasteners,13.96,4,0,6.4216
12/28/2017,East,Office Supplies,Binders,33.264,7,0.2,11.2266
12/28/2017,East,Technology,Phones,14.85,3,0,4.0095
11/3/2016,West,Office Supplies,Art,8.82,3,0,2.3814
9/18/2015,West,Office Supplies,Paper,160.72,14,0,78.7528
9/18/2015,West,Office Supplies,Paper,19.92,4,0,9.7608
9/18/2015,West,Office Supplies,Supplies,7.3,2,0,2.19
7/20/2017,Central,Office Supplies,Storage,69.712,2,0.2,8.714
7/20/2017,Central,Furniture,Furnishings,8.792,1,0.6,-5.7148
9/10/2015,West,Office Supplies,Supplies,51.52,4,0,1.5456
12/1/2017,West,Technology,Phones,470.376,3,0.2,52.9173
12/1/2017,West,Technology,Phones,105.584,2,0.2,9.2386
12/1/2017,West,Office Supplies,Appliances,31.152,3,0.2,3.5046
12/1/2017,West,Office Supplies,Binders,6.783,7,0.7,-4.7481
12/1/2017,West,Technology,Phones,406.368,4,0.2,30.4776
7/3/2015,South,Furniture,Chairs,70.98,1,0,4.9686
7/3/2015,South,Office Supplies,Labels,294.93,3,0,144.5157
3/20/2016,West,Technology,Phones,84.784,2,0.2,-20.1362
3/20/2016,West,Office Supplies,Paper,20.736,4,0.2,7.2576
3/20/2016,West,Office Supplies,Binders,16.821,3,0.7,-12.8961
3/20/2016,West,Office Supplies,Paper,10.368,2,0.2,3.6288
1/9/2014,Central,Office Supplies,Art,9.344,2,0.2,1.168
1/9/2014,Central,Technology,Accessories,31.2,3,0.2,9.75
8/8/2014,West,Office Supplies,Appliances,76.12,2,0,22.0748
8/8/2014,West,Technology,Copiers,1199.976,3,0.2,434.9913
8/8/2014,West,Technology,Phones,445.96,5,0.2,55.745
8/8/2014,West,Furniture,Furnishings,327.76,8,0,91.7728
7/14/2016,East,Office Supplies,Supplies,11.632,2,0.2,1.0178
7/16/2016,East,Technology,Phones,143.982,3,0.4,-28.7964
7/16/2016,East,Technology,Phones,494.376,4,0.4,-115.3544
7/16/2016,East,Office Supplies,Supplies,5.84,2,0.2,0.73
3/15/2014,South,Office Supplies,Storage,142.776,1,0.2,17.847
3/15/2014,South,Furniture,Furnishings,45.696,3,0.2,5.1408
3/15/2014,South,Office Supplies,Binders,7.218,3,0.7,-5.5338
3/15/2014,South,Office Supplies,Binders,43.188,4,0.7,-31.6712
3/15/2014,South,Office Supplies,Paper,131.904,3,0.2,47.8152
5/23/2014,East,Office Supplies,Binders,3.282,2,0.7,-2.6256
5/23/2014,East,Office Supplies,Art,21.168,9,0.2,2.3814
5/23/2014,East,Technology,Phones,55.188,2,0.4,-10.1178
4/28/2016,Central,Technology,Phones,369.576,3,0.2,41.5773
4/28/2016,Central,Office Supplies,Labels,15.712,4,0.2,5.6956
9/11/2016,East,Office Supplies,Paper,8.448,2,0.2,2.64
9/11/2016,East,Technology,Phones,728.946,9,0.4,-157.9383
11/14/2017,East,Technology,Phones,119.94,10,0.4,15.992
11/14/2017,East,Office Supplies,Binders,3.648,2,0.7,-2.7968
8/18/2017,East,Furniture,Furnishings,40.48,2,0,15.7872
8/18/2017,East,Furniture,Furnishings,9.94,2,0,3.0814
8/18/2017,East,Office Supplies,Binders,107.424,9,0.2,33.57
8/18/2017,East,Technology,Phones,37.91,1,0,10.9939
8/18/2017,East,Furniture,Furnishings,88.02,3,0,27.2862
12/26/2014,Central,Office Supplies,Binders,8.69,5,0.8,-14.773
11/29/2015,Central,Furniture,Chairs,301.96,2,0,87.5684
11/29/2015,Central,Office Supplies,Appliances,555.21,5,0.1,178.901
11/29/2015,Central,Office Supplies,Storage,523.48,4,0,130.87
11/29/2015,Central,Office Supplies,Art,161.82,9,0,46.9278
9/15/2017,East,Furniture,Furnishings,35.56,7,0,12.0904
5/19/2017,West,Office Supplies,Appliances,97.16,2,0,28.1764
12/17/2017,West,Office Supplies,Binders,15.24,5,0.2,5.1435
12/17/2017,West,Office Supplies,Paper,13.23,3,0,6.0858
12/11/2016,West,Office Supplies,Storage,243.384,3,0.2,-51.7191
12/11/2016,West,Technology,Accessories,119.8,5,0.2,29.95
12/11/2016,West,Technology,Phones,300.768,4,0.2,30.0768
9/24/2017,South,Technology,Accessories,17.88,3,0.2,2.4585
9/24/2017,South,Office Supplies,Labels,235.944,3,0.2,85.5297
10/4/2015,South,Furniture,Chairs,392.94,3,0,43.2234
8/15/2016,West,Office Supplies,Binders,18.882,3,0.7,-13.8468
8/15/2016,West,Office Supplies,Appliances,122.328,3,0.2,12.2328
5/20/2016,West,Furniture,Furnishings,1049.2,5,0,272.792
5/20/2016,West,Office Supplies,Binders,15.424,4,0.2,5.0128
12/18/2016,Central,Furniture,Furnishings,18.84,3,0,6.0288
7/30/2017,West,Office Supplies,Storage,330.4,2,0,85.904
7/30/2017,West,Office Supplies,Labels,26.25,7,0,12.6
6/10/2017,Central,Technology,Accessories,132.52,4,0,54.3332
7/21/2017,East,Office Supplies,Paper,6.48,1,0,3.1752
12/30/2017,Central,Office Supplies,Appliances,209.3,2,0,56.511
4/1/2016,West,Office Supplies,Fasteners,31.56,5,0.2,9.8625
4/1/2016,West,Office Supplies,Appliances,30.144,2,0.2,3.0144
12/11/2016,West,Furniture,Furnishings,14.8,4,0,6.068
12/11/2016,West,Technology,Phones,302.376,3,0.2,22.6782
12/11/2016,West,Technology,Accessories,316,4,0,31.6
10/23/2016,East,Office Supplies,Paper,379.4,10,0,178.318
6/19/2017,East,Office Supplies,Paper,97.82,2,0,45.9754
6/19/2017,East,Technology,Accessories,103.12,8,0,10.312
8/22/2016,East,Office Supplies,Appliances,113.552,2,0.2,8.5164
8/22/2016,East,Office Supplies,Binders,3.318,2,0.7,-2.6544
8/22/2016,East,Office Supplies,Envelopes,134.288,2,0.2,45.3222
9/19/2016,Central,Furniture,Chairs,701.372,2,0.3,-50.098
9/19/2016,Central,Office Supplies,Binders,2.308,2,0.8,-3.462
8/24/2015,Central,Office Supplies,Storage,999.432,7,0.2,124.929
8/24/2015,Central,Office Supplies,Storage,724.08,14,0.2,-135.765
8/24/2015,Central,Furniture,Tables,918.785,5,0.3,-118.1295
8/24/2015,Central,Office Supplies,Binders,2.724,3,0.8,-4.2222
3/26/2016,East,Office Supplies,Storage,459.95,5,0,18.398
11/4/2016,South,Office Supplies,Fasteners,10.74,3,0,5.2626
6/8/2017,Central,Office Supplies,Supplies,23.76,3,0.2,2.079
6/8/2017,Central,Office Supplies,Paper,85.056,3,0.2,28.7064
6/8/2017,Central,Technology,Phones,381.576,3,0.2,28.6182
12/24/2014,East,Furniture,Furnishings,30.36,5,0.2,8.7285
6/9/2017,Central,Furniture,Furnishings,23.976,3,0.6,-14.3856
6/9/2017,Central,Furniture,Tables,108.925,1,0.5,-71.8905
6/9/2017,Central,Office Supplies,Paper,36.352,8,0.2,11.36
6/15/2017,Central,Office Supplies,Art,19.56,5,0.2,1.7115
12/5/2017,Central,Office Supplies,Appliances,61.44,3,0,16.5888
12/5/2017,Central,Office Supplies,Paper,38.9,5,0,17.505
12/5/2017,Central,Technology,Accessories,99.39,3,0,40.7499
3/18/2017,Central,Office Supplies,Appliances,2.688,3,0.8,-7.392
3/18/2017,Central,Technology,Accessories,27.816,3,0.2,4.5201
3/18/2017,Central,Furniture,Furnishings,82.524,3,0.6,-41.262
3/18/2017,Central,Office Supplies,Binders,182.994,3,0.8,-320.2395
11/19/2016,East,Office Supplies,Binders,14.352,3,0.2,4.6644
11/19/2016,East,Office Supplies,Storage,64.96,2,0,2.5984
11/19/2016,East,Office Supplies,Storage,68.6,4,0,18.522
11/4/2017,South,Technology,Machines,7999.98,4,0.5,-3839.9904
11/4/2017,South,Office Supplies,Appliances,167.44,2,0.2,14.651
7/5/2014,South,Technology,Accessories,479.97,3,0,163.1898
7/5/2014,South,Office Supplies,Labels,14.62,2,0,6.8714
7/5/2014,South,Office Supplies,Paper,19.44,3,0,9.3312
12/25/2017,East,Furniture,Bookcases,191.984,2,0.2,4.7996
6/21/2014,South,Furniture,Furnishings,104.01,1,0,14.5614
6/21/2014,South,Technology,Phones,284.82,1,0,74.0532
6/21/2014,South,Office Supplies,Storage,36.84,3,0,10.3152
3/28/2015,West,Technology,Accessories,166.24,1,0,24.936
3/28/2015,West,Office Supplies,Paper,33.4,5,0,16.032
5/14/2015,East,Office Supplies,Art,198.272,8,0.2,17.3488
5/14/2015,East,Office Supplies,Labels,47.36,4,0.2,17.76
5/14/2015,East,Office Supplies,Envelopes,200.984,7,0.2,62.8075
5/14/2015,East,Office Supplies,Labels,97.696,4,0.2,31.7512
5/14/2015,East,Office Supplies,Art,2.696,1,0.2,0.8088
5/14/2015,East,Office Supplies,Binders,18.588,2,0.7,-13.6312
5/14/2015,East,Office Supplies,Binders,4.896,3,0.7,-3.4272
9/2/2017,East,Furniture,Furnishings,15.072,3,0.2,4.1448
11/4/2016,West,Furniture,Furnishings,209.88,3,0,35.6796
4/9/2015,West,Furniture,Tables,369.912,3,0.2,-13.8717
9/12/2014,South,Office Supplies,Paper,10.368,2,0.2,3.6288
9/12/2014,South,Office Supplies,Appliances,166.84,5,0.2,18.7695
9/12/2014,South,Technology,Accessories,15.216,1,0.2,2.2824
12/2/2014,East,Technology,Accessories,119.96,4,0,52.7824
12/2/2014,East,Furniture,Bookcases,883.92,5,0.2,-110.49
12/2/2014,East,Office Supplies,Binders,46.72,8,0.2,15.768
4/5/2014,East,Office Supplies,Paper,55.48,1,0,26.6304
9/3/2017,South,Office Supplies,Envelopes,24.448,4,0.2,8.8624
5/19/2017,East,Office Supplies,Appliances,281.34,6,0,109.7226
5/19/2017,East,Technology,Phones,307.98,2,0,89.3142
5/19/2017,East,Technology,Accessories,299.97,3,0,113.9886
7/1/2014,West,Office Supplies,Binders,19.92,5,0.2,6.972
1/11/2014,East,Furniture,Furnishings,9.94,2,0,3.0814
9/24/2017,East,Furniture,Furnishings,103.056,3,0.2,24.4758
6/2/2014,West,Office Supplies,Binders,59.808,3,0.2,19.4376
6/2/2014,West,Furniture,Furnishings,73.32,6,0,21.996
2/13/2016,West,Office Supplies,Paper,146.82,3,0,73.41
12/15/2016,Central,Furniture,Tables,1652.94,3,0,231.4116
12/15/2016,Central,Office Supplies,Storage,296.37,3,0,80.0199
10/7/2014,East,Furniture,Furnishings,129.92,5,0.2,21.112
7/7/2016,South,Office Supplies,Supplies,45.584,7,0.2,5.1282
9/16/2017,Central,Office Supplies,Envelopes,17.568,2,0.2,6.3684
9/16/2017,Central,Technology,Phones,55.992,1,0.2,5.5992
12/3/2016,East,Office Supplies,Paper,182.72,8,0,84.0512
12/3/2016,East,Furniture,Tables,400.032,2,0.4,-153.3456
12/3/2016,East,Office Supplies,Storage,33.63,3,0,10.089
12/3/2016,East,Furniture,Chairs,542.646,3,0.1,102.4998
12/3/2016,East,Office Supplies,Labels,6.3,2,0,3.024
1/21/2017,West,Office Supplies,Storage,242.94,3,0,9.7176
1/21/2017,West,Technology,Accessories,179.97,3,0,86.3856
1/21/2017,West,Office Supplies,Binders,99.696,6,0.2,33.6474
1/21/2017,West,Office Supplies,Binders,27.936,4,0.2,9.4284
1/21/2017,West,Furniture,Bookcases,84.98,1,0,18.6956
1/21/2017,West,Office Supplies,Binders,18.72,5,0.2,6.552
9/8/2014,West,Technology,Accessories,49.98,2,0,8.4966
1/4/2014,Central,Office Supplies,Labels,11.784,3,0.2,4.2717
1/4/2014,Central,Office Supplies,Storage,272.736,3,0.2,-64.7748
1/4/2014,Central,Office Supplies,Binders,3.54,2,0.8,-5.487
8/27/2016,Central,Office Supplies,Supplies,51.52,5,0.2,-10.948
8/27/2016,Central,Office Supplies,Paper,3.528,1,0.2,1.1466
8/27/2016,Central,Office Supplies,Paper,4.624,1,0.2,1.6762
8/27/2016,Central,Office Supplies,Supplies,55.168,4,0.2,6.2064
5/27/2014,West,Furniture,Tables,567.12,10,0.2,-28.356
5/27/2014,West,Office Supplies,Storage,359.32,4,0,7.1864
3/20/2016,Central,Technology,Phones,11.992,1,0.2,0.8994
10/2/2017,Central,Office Supplies,Binders,58.05,3,0,26.703
10/2/2017,Central,Furniture,Furnishings,157.74,11,0,56.7864
10/2/2017,Central,Office Supplies,Art,56.98,7,0,22.792
10/2/2017,Central,Office Supplies,Binders,2.88,1,0,1.4112
4/7/2016,West,Technology,Copiers,1199.976,3,0.2,374.9925
12/7/2015,West,Furniture,Furnishings,79.92,4,0,28.7712
9/18/2016,South,Furniture,Tables,383.438,4,0.45,-167.3184
12/29/2014,Central,Office Supplies,Storage,24.56,2,0,6.8768
12/29/2014,Central,Technology,Accessories,119.8,4,0,47.92
7/23/2017,East,Office Supplies,Binders,13.128,3,0.2,4.2666
9/18/2017,Central,Office Supplies,Paper,22.72,4,0,10.224
8/31/2015,West,Office Supplies,Paper,58.32,9,0,27.9936
11/3/2017,South,Office Supplies,Labels,12.39,3,0,5.6994
2/8/2015,East,Technology,Phones,107.982,3,0.4,-26.9955
1/13/2014,South,Office Supplies,Envelopes,11.36,2,0,5.3392
1/13/2014,South,Office Supplies,Envelopes,50.94,3,0,25.47
1/13/2014,South,Technology,Accessories,646.74,6,0,258.696
1/13/2014,South,Office Supplies,Binders,5.64,3,0,2.7072
1/13/2014,South,Office Supplies,Storage,572.58,6,0,34.3548
5/14/2014,South,Furniture,Furnishings,310.88,2,0.2,23.316
5/19/2016,South,Furniture,Chairs,641.96,2,0,179.7488
1/30/2017,Central,Office Supplies,Binders,18.28,2,0,9.14
1/30/2017,Central,Technology,Phones,207,3,0,51.75
1/30/2017,Central,Office Supplies,Binders,32.35,5,0,16.175
1/30/2017,Central,Office Supplies,Binders,7.71,1,0,3.4695
1/30/2017,Central,Office Supplies,Art,40.3,2,0,10.881
1/30/2017,Central,Furniture,Furnishings,34.58,7,0,14.5236
6/29/2014,East,Office Supplies,Art,32.76,7,0.2,3.6855
8/21/2015,West,Furniture,Chairs,544.008,3,0.2,40.8006
8/21/2015,West,Office Supplies,Paper,59.94,3,0,28.1718
8/21/2015,West,Office Supplies,Paper,23.92,4,0,11.7208
8/21/2015,West,Office Supplies,Paper,4.28,1,0,1.926
10/3/2015,East,Office Supplies,Binders,32.07,5,0.7,-22.449
10/3/2015,East,Technology,Accessories,24,2,0.2,-2.7
10/3/2015,East,Furniture,Bookcases,35.49,1,0.5,-15.6156
10/3/2015,East,Technology,Accessories,47.984,2,0.2,0.5998
5/23/2015,South,Office Supplies,Envelopes,186.69,3,0,87.7443
3/17/2017,West,Office Supplies,Binders,17.456,2,0.2,5.8914
12/12/2015,West,Furniture,Chairs,348.928,2,0.2,34.8928
6/26/2015,South,Office Supplies,Binders,143.96,4,0,69.1008
6/26/2015,South,Office Supplies,Storage,15.42,1,0,4.1634
6/26/2015,South,Office Supplies,Binders,43.04,8,0,21.0896
6/26/2015,South,Furniture,Chairs,332.94,3,0,79.9056
5/20/2016,South,Technology,Phones,1363.96,5,0.2,85.2475
9/20/2014,West,Office Supplies,Labels,9.96,2,0,4.5816
9/20/2014,West,Office Supplies,Paper,21.72,4,0,10.6428
9/21/2017,Central,Office Supplies,Binders,20.16,7,0,9.8784
12/24/2015,East,Office Supplies,Paper,132.79,7,0,63.7392
12/24/2015,East,Office Supplies,Paper,12.96,2,0,6.2208
12/24/2015,East,Office Supplies,Labels,21.56,7,0,10.3488
11/27/2015,West,Furniture,Chairs,283.92,5,0.2,17.745
2/20/2017,West,Furniture,Furnishings,22.23,1,0,7.3359
2/20/2017,West,Technology,Phones,215.968,2,0.2,18.8972
8/18/2016,East,Office Supplies,Appliances,355.32,9,0,99.4896
3/12/2016,South,Office Supplies,Paper,12.96,2,0,6.2208
4/22/2017,West,Furniture,Furnishings,18.28,2,0,6.2152
11/1/2014,West,Office Supplies,Art,43.176,3,0.2,4.3176
11/1/2014,West,Technology,Phones,1983.968,4,0.2,247.996
2/3/2015,Central,Furniture,Furnishings,28.4,2,0,11.076
2/3/2015,Central,Technology,Accessories,149.97,3,0,50.9898
10/13/2014,West,Office Supplies,Art,11.52,4,0,3.2256
10/13/2014,West,Furniture,Tables,1298.55,5,0,311.652
10/13/2014,West,Office Supplies,Appliances,213.92,4,0,62.0368
10/13/2014,West,Technology,Accessories,25.78,2,0,2.578
5/14/2017,West,Furniture,Furnishings,18.28,2,0,6.2152
5/14/2017,West,Technology,Accessories,1399.93,7,0,601.9699
3/20/2015,Central,Office Supplies,Paper,51.84,8,0,24.8832
9/15/2016,East,Office Supplies,Paper,5.344,1,0.2,1.8704
6/28/2014,East,Office Supplies,Paper,41.472,8,0.2,14.5152
6/28/2014,East,Office Supplies,Binders,3.168,3,0.7,-2.4288
6/28/2014,East,Furniture,Chairs,1228.465,5,0.3,0
6/28/2014,East,Office Supplies,Binders,31.086,3,0.7,-22.7964
6/28/2014,East,Office Supplies,Paper,335.52,4,0.2,117.432
6/20/2017,East,Technology,Accessories,239.97,3,0,71.991
6/20/2017,East,Office Supplies,Labels,9.82,2,0,4.8118
5/9/2014,West,Technology,Accessories,67.8,4,0,4.068
5/9/2014,West,Technology,Accessories,167.97,3,0,40.3128
8/21/2017,Central,Office Supplies,Fasteners,35,7,0,16.8
8/21/2017,Central,Office Supplies,Supplies,37.24,4,0,10.7996
8/21/2017,Central,Office Supplies,Envelopes,15.28,2,0,7.4872
6/16/2017,South,Furniture,Chairs,301.96,2,0,90.588
6/16/2017,South,Office Supplies,Appliances,180.66,3,0,50.5848
6/16/2017,South,Technology,Phones,191.98,2,0,51.8346
6/16/2017,South,Technology,Phones,65.99,1,0,17.1574
7/23/2016,South,Office Supplies,Art,35.216,2,0.2,2.6412
7/23/2016,South,Office Supplies,Appliances,23.696,2,0.2,6.5164
7/23/2016,South,Technology,Machines,265.475,1,0.5,-111.4995
9/8/2014,Central,Office Supplies,Binders,51.184,4,0.8,-79.3352
11/4/2017,South,Office Supplies,Paper,9.664,2,0.2,3.2616
3/7/2016,Central,Technology,Phones,21.072,3,0.2,1.5804
11/20/2015,East,Office Supplies,Art,60.45,3,0,16.3215
11/20/2015,East,Office Supplies,Art,11.52,4,0,3.3408
11/20/2015,East,Furniture,Bookcases,186.048,4,0.2,9.3024
11/7/2016,West,Office Supplies,Binders,37.44,4,0.2,11.7
11/7/2016,West,Office Supplies,Binders,26.976,4,0.2,8.7672
11/7/2016,West,Office Supplies,Supplies,11.36,2,0,3.2944
11/7/2016,West,Office Supplies,Labels,14.62,2,0,6.8714
10/13/2015,South,Technology,Phones,83.72,7,0,23.4416
10/13/2015,South,Furniture,Chairs,287.94,3,0,77.7438
1/1/2017,East,Furniture,Furnishings,48.896,4,0.2,8.5568
2/7/2014,East,Technology,Accessories,115.36,7,0,49.6048
6/20/2016,West,Office Supplies,Art,5.16,2,0,1.3416
6/20/2016,West,Office Supplies,Paper,38.88,6,0,18.6624
5/28/2016,South,Office Supplies,Art,185.88,6,0,50.1876
2/19/2016,East,Furniture,Furnishings,44.46,2,0,14.6718
2/19/2016,East,Office Supplies,Storage,242.94,3,0,9.7176
8/3/2014,East,Office Supplies,Paper,39.96,2,0,18.7812
8/3/2014,East,Office Supplies,Supplies,102.3,10,0,26.598
8/3/2014,East,Office Supplies,Storage,21.36,2,0,5.7672
4/10/2017,East,Office Supplies,Paper,7.61,1,0,3.5767
4/10/2017,East,Office Supplies,Fasteners,7.16,2,0,3.58
6/9/2014,West,Office Supplies,Supplies,7.36,2,0,0.1472
6/9/2014,West,Office Supplies,Art,23.1,2,0,10.626
1/5/2016,South,Technology,Accessories,191.472,6,0.2,40.6878
1/5/2016,South,Office Supplies,Art,5.248,2,0.2,0.5904
1/5/2016,South,Technology,Phones,59.184,2,0.2,5.1786
1/10/2014,South,Office Supplies,Labels,2.89,1,0,1.3583
1/10/2014,South,Furniture,Furnishings,51.94,1,0,21.2954
9/29/2016,East,Office Supplies,Labels,15.936,4,0.2,5.1792
4/6/2014,East,Office Supplies,Binders,44.91,6,0.7,-35.928
9/3/2016,East,Office Supplies,Binders,1141.47,5,0.7,-760.98
9/3/2016,East,Technology,Phones,280.782,3,0.4,-46.797
10/19/2015,East,Office Supplies,Paper,34.44,3,0,17.22
12/10/2014,East,Office Supplies,Paper,11.36,2,0,5.2256
12/10/2014,East,Office Supplies,Binders,106.344,7,0.2,37.2204
8/25/2017,South,Office Supplies,Paper,192.16,5,0.2,67.256
1/17/2016,East,Furniture,Furnishings,322.59,3,0,64.518
1/17/2016,East,Technology,Accessories,29.99,1,0,13.1956
1/17/2016,East,Technology,Accessories,371.97,3,0,66.9546
9/17/2014,East,Office Supplies,Binders,5.892,4,0.7,-4.1244
11/30/2017,East,Office Supplies,Binders,68.472,3,0.2,23.1093
11/30/2017,East,Furniture,Chairs,1242.9,5,0.1,262.39
10/9/2015,South,Office Supplies,Storage,30.84,2,0,8.3268
12/23/2017,West,Office Supplies,Art,13.48,4,0,5.9312
10/22/2016,Central,Furniture,Furnishings,31.4,5,0,10.048
4/29/2014,East,Furniture,Furnishings,17.46,2,0,5.9364
4/25/2015,West,Office Supplies,Binders,13.944,3,0.2,4.5318
6/26/2017,West,Office Supplies,Storage,83.76,12,0,1.6752
10/14/2017,East,Office Supplies,Binders,37.66,7,0,18.4534
12/9/2014,West,Office Supplies,Paper,34.68,6,0,16.9932
6/20/2017,East,Technology,Accessories,149.95,5,0,14.995
6/20/2017,East,Office Supplies,Binders,51.312,3,0.2,18.6006
6/26/2017,Central,Office Supplies,Paper,4.54,1,0,2.043
6/26/2017,Central,Office Supplies,Art,15.92,4,0,5.4128
6/26/2017,Central,Technology,Phones,543.92,8,0,135.98
11/10/2016,West,Office Supplies,Storage,155.82,7,0,42.0714
11/10/2016,West,Office Supplies,Binders,70.008,3,0.2,24.5028
10/3/2016,Central,Office Supplies,Envelopes,15.648,2,0.2,5.0856
9/9/2014,Central,Office Supplies,Labels,103.6,7,0,51.8
10/29/2017,East,Office Supplies,Paper,46.96,8,0,22.5408
4/10/2016,East,Office Supplies,Binders,8.904,2,0.7,-6.5296
11/11/2017,Central,Office Supplies,Labels,10.44,5,0.2,3.393
11/11/2017,Central,Office Supplies,Binders,18.336,4,0.8,-32.088
9/15/2017,Central,Technology,Phones,323.976,3,0.2,20.2485
4/8/2016,West,Office Supplies,Paper,20.04,3,0,9.6192
4/8/2016,West,Office Supplies,Storage,64.96,2,0,2.5984
4/8/2016,West,Office Supplies,Paper,12.96,2,0,6.2208
12/30/2017,East,Furniture,Bookcases,323.136,4,0.2,12.1176
12/30/2017,East,Technology,Phones,90.93,7,0,2.7279
12/30/2017,East,Office Supplies,Binders,52.776,3,0.2,19.791
9/2/2017,Central,Technology,Phones,1199.8,4,0,323.946
9/2/2017,Central,Technology,Accessories,1928.78,7,0,829.3754
9/2/2017,Central,Office Supplies,Storage,352.38,2,0,81.0474
5/31/2015,East,Furniture,Furnishings,22.2,6,0,9.102
11/27/2017,Central,Furniture,Furnishings,46.94,1,0,19.2454
11/27/2017,Central,Technology,Accessories,143.73,9,0,56.0547
6/15/2014,Central,Furniture,Tables,99.918,2,0.3,-18.5562
6/15/2014,Central,Furniture,Chairs,797.944,4,0.3,-56.996
6/15/2014,Central,Office Supplies,Binders,8.568,3,0.8,-14.5656
3/5/2016,Central,Office Supplies,Envelopes,149.352,3,0.2,50.4063
3/5/2016,Central,Office Supplies,Storage,12.992,1,0.2,-0.812
12/5/2014,South,Office Supplies,Storage,24.56,2,0,6.8768
4/11/2015,East,Technology,Accessories,85.14,3,0,34.9074
4/11/2015,East,Technology,Phones,21.99,1,0,10.5552
4/11/2015,East,Office Supplies,Appliances,406.6,5,0,113.848
9/15/2016,East,Office Supplies,Binders,841.568,2,0.2,294.5488
9/13/2014,East,Office Supplies,Paper,15.552,3,0.2,5.4432
9/13/2014,East,Technology,Accessories,252,5,0.2,53.55
10/5/2015,South,Office Supplies,Art,46.2,4,0,12.936
10/5/2015,South,Office Supplies,Appliances,28.84,2,0,9.5172
4/14/2017,East,Office Supplies,Art,14.592,3,0.2,2.5536
4/14/2017,East,Office Supplies,Art,89.856,3,0.2,21.3408
4/14/2017,East,Office Supplies,Paper,13.872,3,0.2,5.0286
9/2/2017,East,Office Supplies,Paper,12.192,3,0.2,4.1148
6/20/2016,East,Office Supplies,Paper,45.056,8,0.2,15.2064
6/20/2016,East,Office Supplies,Binders,29.718,6,0.7,-21.7932
6/20/2016,East,Office Supplies,Paper,15.552,3,0.2,5.4432
6/20/2016,East,Office Supplies,Appliances,447.696,2,0.2,33.5772
11/5/2017,West,Technology,Accessories,159.99,1,0,54.3966
12/13/2015,West,Office Supplies,Paper,12.96,2,0,6.2208
12/13/2015,West,Office Supplies,Appliances,134.48,4,0,34.9648
6/19/2016,West,Office Supplies,Paper,17.12,2,0,8.0464
12/13/2016,West,Office Supplies,Binders,6.096,2,0.2,2.2098
12/13/2016,West,Furniture,Tables,1114.272,4,0.2,41.7852
5/29/2015,West,Office Supplies,Paper,32.4,5,0,15.552
5/29/2015,West,Office Supplies,Storage,540.57,3,0,140.5482
5/29/2015,West,Office Supplies,Binders,167.76,5,0.2,62.91
7/26/2015,West,Furniture,Tables,393.165,3,0.5,-204.4458
11/28/2017,East,Furniture,Furnishings,516.488,7,0.2,-12.9122
11/28/2017,East,Furniture,Furnishings,1007.232,6,0.2,75.5424
11/28/2017,East,Furniture,Tables,2065.32,12,0.4,-619.596
11/28/2017,East,Office Supplies,Paper,15.552,3,0.2,5.4432
11/28/2017,East,Office Supplies,Paper,25.344,6,0.2,7.92
4/3/2017,East,Furniture,Furnishings,25.472,4,0.2,7.6416
12/28/2017,Central,Office Supplies,Art,27.168,2,0.2,2.7168
12/28/2017,Central,Furniture,Bookcases,78.8528,2,0.32,-11.596
11/30/2017,South,Office Supplies,Storage,173.8,5,0,43.45
5/15/2017,West,Technology,Phones,29.592,1,0.2,2.5893
5/15/2017,West,Office Supplies,Binders,4.752,2,0.7,-3.168
5/15/2017,West,Office Supplies,Paper,15.552,3,0.2,5.6376
9/22/2015,West,Furniture,Furnishings,204.6,2,0,53.196
11/14/2017,West,Furniture,Chairs,321.568,2,0.2,28.1372
11/27/2015,South,Office Supplies,Binders,6.24,2,0,3.0576
9/1/2016,West,Office Supplies,Envelopes,21.88,2,0,10.94
9/22/2014,South,Office Supplies,Labels,4.608,2,0.2,1.6704
4/9/2017,East,Office Supplies,Labels,9.82,2,0,4.8118
4/9/2017,East,Office Supplies,Art,35.97,3,0,9.7119
4/9/2017,East,Office Supplies,Paper,12.96,2,0,6.2208
4/9/2017,East,Office Supplies,Paper,191.6,4,0,91.968
4/9/2017,East,Office Supplies,Labels,8.64,3,0,4.2336
4/9/2017,East,Office Supplies,Storage,501.81,3,0,0
1/16/2014,East,Furniture,Furnishings,127.104,6,0.2,28.5984
1/16/2014,East,Technology,Phones,124.2,3,0.4,-31.05
1/16/2014,East,Office Supplies,Binders,18.588,2,0.7,-13.6312
1/16/2014,East,Office Supplies,Labels,30.072,3,0.2,10.1493
10/5/2017,East,Technology,Phones,160.93,7,0,3.2186
10/5/2017,East,Office Supplies,Binders,75.792,3,0.2,25.5798
7/9/2017,West,Office Supplies,Binders,1.08,2,0.7,-0.792
1/7/2017,Central,Technology,Machines,3059.982,2,0.1,679.996
5/30/2016,South,Office Supplies,Binders,3.282,2,0.7,-2.6256
12/9/2015,Central,Office Supplies,Paper,34.02,3,0,16.6698
10/3/2016,East,Furniture,Chairs,599.292,6,0.1,93.2232
11/11/2014,West,Office Supplies,Art,3.392,1,0.2,0.8056
11/11/2014,West,Technology,Phones,559.984,2,0.2,55.9984
11/11/2014,West,Furniture,Chairs,603.92,5,0.2,75.49
9/29/2017,Central,Office Supplies,Labels,7.968,2,0.2,2.5896
9/29/2017,Central,Office Supplies,Envelopes,27.968,4,0.2,9.4392
9/29/2017,Central,Technology,Machines,336.51,3,0.4,44.868
3/10/2015,Central,Office Supplies,Binders,1.112,2,0.8,-1.8904
5/21/2017,East,Furniture,Furnishings,520.05,5,0,72.807
5/21/2017,East,Office Supplies,Art,17.97,3,0,5.2113
3/29/2015,South,Furniture,Chairs,1166.92,5,0.2,131.2785
9/9/2016,East,Office Supplies,Binders,14.624,2,0.2,5.484
8/26/2016,West,Office Supplies,Fasteners,10.23,3,0,4.9104
8/26/2016,West,Office Supplies,Paper,154.9,5,0,69.705
5/21/2014,South,Office Supplies,Binders,2715.93,7,0,1276.4871
5/21/2014,South,Technology,Phones,617.97,3,0,173.0316
10/28/2015,South,Office Supplies,Envelopes,10.67,1,0,4.9082
10/28/2015,South,Office Supplies,Storage,36.63,3,0,9.8901
10/28/2015,South,Furniture,Furnishings,24.1,5,0,9.158
10/28/2015,South,Furniture,Furnishings,33.11,7,0,12.9129
11/13/2016,West,Office Supplies,Art,44.02,2,0,11.4452
7/31/2015,East,Technology,Accessories,2309.65,7,0,762.1845
7/31/2015,East,Furniture,Tables,1090.782,7,0.4,-290.8752
7/31/2015,East,Office Supplies,Paper,19.44,3,0,9.3312
8/27/2015,West,Office Supplies,Storage,484.65,3,0,92.0835
11/13/2015,South,Office Supplies,Paper,115.296,3,0.2,40.3536
11/6/2015,West,Office Supplies,Envelopes,7.08,3,0.2,2.478
11/6/2015,West,Office Supplies,Binders,4.401,3,0.7,-3.5208
12/26/2017,Central,Office Supplies,Paper,44.75,5,0,20.585
8/1/2017,Central,Technology,Phones,95.984,2,0.2,5.999
11/24/2014,West,Furniture,Furnishings,151.72,4,0,27.3096
6/17/2017,West,Furniture,Furnishings,155.25,3,0,46.575
6/17/2017,West,Office Supplies,Storage,14.03,1,0,4.0687
12/21/2015,West,Furniture,Tables,1618.37,13,0,356.0414
12/21/2015,West,Technology,Accessories,99.6,1,0,36.852
9/17/2015,West,Office Supplies,Paper,32.4,5,0,15.552
7/6/2015,East,Furniture,Furnishings,13.96,2,0,6.7008
7/6/2015,East,Furniture,Furnishings,155.82,3,0,63.8862
7/6/2015,East,Technology,Phones,124.95,5,0,2.499
7/6/2015,East,Office Supplies,Storage,601.65,5,0,156.429
4/27/2015,East,Office Supplies,Art,22.74,3,0,8.8686
4/27/2015,East,Furniture,Chairs,1267.53,3,0,316.8825
4/27/2015,East,Technology,Machines,1379.92,8,0,648.5624
6/16/2015,East,Office Supplies,Envelopes,6.208,2,0.2,2.1728
12/17/2017,West,Office Supplies,Binders,11.808,2,0.2,4.2804
1/11/2016,East,Office Supplies,Paper,15.552,3,0.2,5.4432
1/11/2016,East,Office Supplies,Paper,63.312,3,0.2,20.5764
1/11/2016,East,Technology,Phones,15.588,2,0.4,-9.8724
7/11/2014,East,Office Supplies,Paper,177.2,5,0,83.284
7/11/2014,East,Technology,Phones,197.97,3,0,57.4113
7/11/2014,East,Furniture,Chairs,854.94,3,0,213.735
7/11/2014,East,Furniture,Furnishings,124.11,9,0,52.1262
7/11/2014,East,Office Supplies,Labels,14.4,5,0,7.056
11/20/2016,East,Office Supplies,Paper,15.696,3,0.2,5.1012
11/20/2016,East,Office Supplies,Binders,2.628,2,0.7,-1.9272
11/20/2016,East,Office Supplies,Binders,14.427,3,0.7,-10.5798
4/22/2016,Central,Furniture,Furnishings,86.62,2,0,8.662
6/13/2015,West,Office Supplies,Binders,36.624,3,0.2,13.734
11/20/2017,South,Office Supplies,Art,23.968,7,0.2,2.6964
11/20/2017,South,Office Supplies,Art,28.728,3,0.2,1.7955
3/20/2016,Central,Furniture,Tables,697.16,4,0,146.4036
9/6/2016,East,Technology,Accessories,31.86,2,0,11.151
9/6/2016,East,Furniture,Bookcases,722.352,3,0.2,90.294
7/9/2017,Central,Office Supplies,Art,8.84,5,0.2,2.9835
7/9/2017,Central,Office Supplies,Appliances,58.464,9,0.8,-146.16
10/12/2017,Central,Furniture,Chairs,254.604,14,0.3,-18.186
3/8/2016,South,Technology,Phones,1363.96,5,0.2,85.2475
3/8/2016,South,Furniture,Furnishings,102.36,3,0.2,-3.8385
5/27/2014,West,Technology,Phones,1113.504,12,0.2,125.2692
5/27/2014,West,Technology,Accessories,99.99,1,0,37.9962
7/3/2015,East,Furniture,Furnishings,168.464,2,0.2,-29.4812
7/3/2015,East,Office Supplies,Paper,6.72,2,0.2,2.436
7/3/2015,East,Furniture,Furnishings,282.888,9,0.2,56.5776
4/4/2015,East,Office Supplies,Art,11.16,2,0,4.3524
4/4/2015,East,Furniture,Furnishings,108.4,2,0,22.764
4/4/2015,East,Office Supplies,Binders,82.344,3,0.2,27.7911
4/4/2015,East,Office Supplies,Binders,9.088,4,0.2,3.2944
12/10/2017,West,Office Supplies,Binders,19.936,4,0.2,7.2268
12/10/2017,West,Office Supplies,Binders,65.568,2,0.2,22.9488
11/24/2016,East,Office Supplies,Fasteners,4.416,3,0.2,1.6008
3/23/2015,Central,Furniture,Chairs,107.772,2,0.3,-29.2524
4/16/2015,East,Office Supplies,Appliances,45.216,3,0.2,4.5216
4/16/2015,East,Office Supplies,Fasteners,10.416,7,0.2,-2.2134
4/16/2015,East,Office Supplies,Art,7.872,3,0.2,1.2792
4/16/2015,East,Technology,Phones,118.782,3,0.4,-27.7158
4/16/2015,East,Office Supplies,Fasteners,1.448,1,0.2,0.2353
4/16/2015,East,Office Supplies,Binders,55.47,5,0.7,-46.225
10/1/2016,West,Furniture,Chairs,194.848,4,0.2,12.178
9/28/2017,Central,Office Supplies,Supplies,1.744,1,0.2,-0.3488
7/25/2015,East,Office Supplies,Binders,25.176,4,0.7,-18.4624
11/20/2015,West,Office Supplies,Art,19.46,7,0,5.0596
4/28/2016,West,Office Supplies,Paper,29.472,3,0.2,9.9468
11/14/2017,East,Office Supplies,Binders,8.64,2,0.2,3.024
11/12/2016,West,Office Supplies,Binders,6.27,5,0.7,-4.598
11/12/2016,West,Office Supplies,Binders,4.368,7,0.7,-3.3488
11/12/2016,West,Technology,Accessories,31.984,2,0.2,1.999
9/29/2016,Central,Office Supplies,Art,40.88,7,0,10.6288
9/23/2017,West,Office Supplies,Appliances,119.96,2,0,33.5888
9/23/2017,West,Office Supplies,Storage,31.44,3,0,8.4888
9/23/2017,West,Office Supplies,Binders,6.88,1,0.2,2.322
11/29/2015,Central,Office Supplies,Paper,19.92,4,0,9.3624
11/29/2015,Central,Furniture,Chairs,1106.91,9,0,121.7601
3/1/2016,East,Furniture,Tables,836.592,8,0.4,-264.9208
3/1/2016,East,Office Supplies,Paper,26.38,1,0,12.1348
3/1/2016,East,Office Supplies,Storage,362.92,2,0,105.2468
3/1/2016,East,Technology,Machines,4899.93,7,0,2400.9657
8/12/2016,Central,Office Supplies,Paper,6.48,1,0,3.1104
8/15/2016,West,Technology,Phones,71.976,3,0.2,7.1976
8/15/2016,West,Office Supplies,Labels,3.15,1,0,1.512
6/4/2017,South,Furniture,Furnishings,31.984,2,0.2,1.999
6/4/2017,South,Technology,Phones,71.984,2,0.2,25.1944
12/6/2015,West,Office Supplies,Art,120.15,9,0,33.642
12/6/2015,West,Technology,Phones,219.184,2,0.2,19.1786
12/27/2015,East,Office Supplies,Paper,28.9,5,0,14.161
12/27/2015,East,Office Supplies,Appliances,355.96,2,0,103.2284
1/21/2017,South,Office Supplies,Storage,348.208,7,0.2,30.4682
1/21/2017,South,Office Supplies,Binders,35.784,7,0.7,-28.6272
6/25/2014,West,Furniture,Tables,447.84,5,0.2,11.196
6/14/2016,West,Office Supplies,Art,7.04,4,0,2.0416
6/14/2016,West,Furniture,Furnishings,8.73,3,0,4.1031
6/14/2016,West,Technology,Accessories,29.29,1,0,9.6657
6/14/2016,West,Office Supplies,Art,8.64,3,0,2.5056
4/21/2017,Central,Office Supplies,Binders,2.694,3,0.8,-4.7145
4/21/2017,Central,Office Supplies,Binders,2.934,3,0.8,-4.9878
10/21/2016,West,Office Supplies,Paper,22.92,3,0,11.2308
11/19/2016,Central,Office Supplies,Storage,100.704,6,0.2,-16.3644
11/19/2016,Central,Furniture,Furnishings,2.328,2,0.6,-0.7566
11/19/2016,Central,Office Supplies,Binders,10.78,5,0.8,-17.248
11/19/2016,Central,Office Supplies,Fasteners,58.368,12,0.2,21.888
11/19/2016,Central,Office Supplies,Envelopes,40.968,3,0.2,13.8267
11/19/2016,Central,Technology,Phones,71.96,5,0.2,25.186
11/19/2016,Central,Office Supplies,Paper,10.368,2,0.2,3.6288
11/19/2016,Central,Office Supplies,Binders,1.192,2,0.8,-2.0264
12/18/2017,West,Office Supplies,Binders,46.672,2,0.2,16.3352
12/18/2017,West,Furniture,Bookcases,119.833,1,0.15,-12.6882
12/18/2017,West,Technology,Accessories,119.98,2,0,57.5904
7/22/2016,West,Office Supplies,Labels,6.3,2,0,3.024
9/4/2015,South,Office Supplies,Paper,279.9,5,0,137.151
9/4/2015,South,Technology,Accessories,619.95,5,0,111.591
9/4/2015,South,Office Supplies,Paper,4.36,2,0,2.0492
9/4/2015,South,Office Supplies,Envelopes,15.28,2,0,7.4872
1/20/2014,South,Technology,Phones,699.93,7,0,181.9818
1/20/2014,South,Office Supplies,Art,22.96,7,0,6.6584
1/20/2014,South,Furniture,Furnishings,38.6,4,0,11.58
1/20/2014,South,Office Supplies,Art,6.63,3,0,1.7901
1/20/2014,South,Office Supplies,Envelopes,23.34,3,0,10.9698
1/20/2014,South,Furniture,Chairs,1067.94,3,0,224.2674
3/2/2015,Central,Office Supplies,Art,10.16,1,0,2.6416
3/2/2015,Central,Office Supplies,Envelopes,101.88,6,0,50.94
4/12/2016,South,Furniture,Tables,343.92,4,0,75.6624
4/12/2016,South,Office Supplies,Paper,40.99,1,0,20.0851
4/12/2016,South,Office Supplies,Envelopes,63.9,5,0,28.755
12/6/2016,West,Office Supplies,Paper,19.44,3,0,9.3312
6/5/2016,East,Office Supplies,Storage,124.608,4,0.2,-23.364
6/5/2016,East,Office Supplies,Labels,7.56,3,0.2,2.646
12/11/2016,South,Office Supplies,Storage,85.224,3,0.2,7.4571
11/12/2016,Central,Office Supplies,Envelopes,287.52,8,0,129.384
11/12/2016,Central,Office Supplies,Appliances,37.68,2,0,10.5504
11/12/2016,Central,Office Supplies,Paper,19.98,2,0,8.991
11/12/2016,Central,Office Supplies,Art,20.58,7,0,5.5566
11/12/2016,Central,Office Supplies,Binders,17.38,2,0,8.69
9/29/2014,West,Furniture,Furnishings,204.6,2,0,53.196
9/29/2014,West,Office Supplies,Fasteners,8.72,4,0,2.8776
9/29/2014,West,Office Supplies,Paper,6.48,1,0,3.1104
9/29/2014,West,Technology,Machines,686.32,2,0.2,223.054
9/29/2014,West,Office Supplies,Storage,62.18,1,0,16.7886
4/4/2015,Central,Office Supplies,Appliances,644.076,2,0.1,107.346
4/4/2015,Central,Office Supplies,Fasteners,5.84,2,0,2.628
4/4/2015,Central,Office Supplies,Binders,12.76,2,0,5.8696
4/4/2015,Central,Technology,Phones,10.95,1,0,0.438
4/4/2015,Central,Technology,Copiers,599.98,2,0,209.993
5/8/2015,East,Furniture,Furnishings,8.352,6,0.2,1.2528
12/31/2016,West,Office Supplies,Art,3.64,2,0,1.638
12/31/2016,West,Office Supplies,Binders,159.768,7,0.2,53.9217
12/20/2014,South,Office Supplies,Storage,122.48,2,0,0
12/20/2014,South,Furniture,Tables,2244.48,7,0,493.7856
12/20/2014,South,Office Supplies,Binders,62.31,3,0,29.2857
12/20/2014,South,Furniture,Tables,455.1,2,0,100.122
7/2/2016,West,Furniture,Chairs,195.184,1,0.2,19.5184
6/29/2017,Central,Office Supplies,Appliances,362.94,3,0,90.735
6/29/2017,Central,Office Supplies,Binders,11.54,2,0,5.77
9/1/2014,West,Office Supplies,Art,53.94,3,0,15.6426
3/3/2014,East,Technology,Phones,9.99,1,0,4.5954
3/3/2014,East,Office Supplies,Binders,125.76,3,0.2,40.872
3/3/2014,East,Office Supplies,Binders,25.32,5,0.2,9.1785
5/4/2014,Central,Office Supplies,Binders,46.8,4,0,21.06
11/2/2015,West,Technology,Accessories,447.93,9,0,49.2723
12/8/2017,East,Furniture,Furnishings,109.48,2,0,33.9388
12/8/2017,East,Office Supplies,Storage,272.94,3,0,0
12/8/2017,East,Office Supplies,Paper,19.44,3,0,9.3312
12/8/2017,East,Office Supplies,Storage,31.92,4,0,8.2992
3/10/2014,Central,Office Supplies,Paper,22.38,2,0,10.7424
4/21/2014,West,Office Supplies,Binders,16.52,5,0.2,5.5755
10/22/2015,Central,Office Supplies,Binders,5.176,4,0.8,-7.764
8/22/2015,East,Office Supplies,Binders,50.112,6,0.2,16.2864
8/29/2016,East,Office Supplies,Supplies,27.93,3,0,8.0997
12/27/2014,West,Office Supplies,Labels,11.56,4,0,5.4332
12/1/2016,East,Furniture,Chairs,172.5,2,0,51.75
12/1/2016,East,Technology,Phones,179.97,3,0,44.9925
4/24/2016,Central,Technology,Accessories,258.696,3,0.2,64.674
6/21/2014,East,Technology,Phones,1322.93,7,0,357.1911
6/21/2014,East,Office Supplies,Art,3.76,2,0,1.0904
1/14/2017,South,Office Supplies,Envelopes,21.744,1,0.2,7.3386
1/14/2017,South,Technology,Phones,7.92,5,0.2,0.693
11/24/2014,West,Office Supplies,Binders,12.096,7,0.2,4.2336
11/24/2014,West,Office Supplies,Storage,485.88,6,0,9.7176
11/24/2014,West,Office Supplies,Paper,25.92,4,0,12.4416
11/24/2014,West,Office Supplies,Storage,197.58,2,0,53.3466
2/26/2017,West,Office Supplies,Appliances,81.92,4,0,22.1184
2/26/2017,West,Technology,Phones,889.536,8,0.2,66.7152
2/26/2017,West,Furniture,Chairs,892.224,3,0.2,89.2224
2/26/2017,West,Office Supplies,Paper,223.92,4,0,109.7208
2/26/2017,West,Office Supplies,Paper,23.12,4,0,11.3288
9/15/2015,South,Office Supplies,Paper,15.552,3,0.2,5.4432
9/15/2015,South,Furniture,Furnishings,15.712,4,0.2,2.5532
9/15/2015,South,Office Supplies,Storage,24.672,2,0.2,2.1588
9/15/2015,South,Furniture,Furnishings,55.968,1,0.2,-2.0988
4/8/2016,Central,Technology,Accessories,431.928,9,0.2,64.7892
4/8/2016,Central,Furniture,Chairs,95.984,4,0.3,-4.1136
4/8/2016,Central,Office Supplies,Binders,1088.792,4,0.8,-1850.9464
7/18/2016,West,Furniture,Chairs,544.008,3,0.2,40.8006
7/18/2016,West,Office Supplies,Binders,1.872,3,0.7,-1.4352
7/18/2016,West,Furniture,Chairs,854.352,3,0.2,10.6794
7/18/2016,West,Office Supplies,Storage,593.568,2,0.2,0
7/18/2016,West,Office Supplies,Storage,338.04,3,0.2,-33.804
8/1/2017,South,Technology,Phones,271.96,5,0.2,16.9975
7/14/2016,East,Office Supplies,Storage,11.21,1,0,3.363
7/14/2016,East,Office Supplies,Binders,9.144,3,0.2,3.2004
7/14/2016,East,Office Supplies,Fasteners,14.07,7,0,6.8943
7/14/2016,East,Office Supplies,Art,41.86,7,0,10.465
7/14/2016,East,Office Supplies,Binders,8.544,2,0.2,2.8836
7/14/2016,East,Furniture,Bookcases,579.136,4,0.2,21.7176
9/9/2017,East,Furniture,Chairs,141.372,2,0.3,-48.4704
9/9/2017,East,Office Supplies,Binders,3.036,2,0.7,-2.3276
9/9/2017,East,Office Supplies,Binders,4.503,1,0.7,-3.6024
9/9/2017,East,Office Supplies,Art,4.672,1,0.2,1.5768
9/9/2017,East,Technology,Accessories,95.88,3,0.2,28.764
9/9/2017,East,Furniture,Furnishings,17.024,2,0.2,1.7024
9/9/2017,East,Technology,Accessories,258.696,3,0.2,64.674
9/9/2017,East,Technology,Phones,1931.958,7,0.4,-386.3916
7/12/2014,West,Office Supplies,Storage,249.75,9,0,44.955
7/12/2014,West,Technology,Phones,255.936,8,0.2,28.7928
12/4/2016,East,Furniture,Furnishings,113.79,3,0,20.4822
12/4/2016,East,Technology,Accessories,78.15,1,0,34.386
12/4/2016,East,Office Supplies,Binders,1.728,1,0.2,0.6048
12/4/2016,East,Office Supplies,Paper,40.56,4,0,19.8744
12/4/2016,East,Office Supplies,Storage,182.94,3,0,3.6588
12/4/2016,East,Office Supplies,Storage,193.86,2,0,11.6316
11/6/2017,West,Office Supplies,Envelopes,15.28,2,0,7.4872
11/6/2017,West,Furniture,Furnishings,8.73,1,0,2.9682
11/6/2017,West,Office Supplies,Art,5.68,2,0,1.7608
10/31/2015,East,Office Supplies,Art,2.78,2,0,0.7228
10/31/2015,East,Office Supplies,Envelopes,79.96,2,0,35.982
5/30/2016,East,Technology,Copiers,839.988,2,0.4,69.999
10/28/2016,South,Furniture,Furnishings,47.952,3,0.2,13.7862
10/28/2016,South,Office Supplies,Binders,37.425,5,0.7,-29.94
10/28/2016,South,Furniture,Furnishings,63.968,2,0.2,0
10/28/2016,South,Furniture,Furnishings,165.048,3,0.2,41.262
8/11/2014,West,Furniture,Furnishings,12.35,1,0,5.434
8/11/2014,West,Office Supplies,Art,40.97,1,0,10.6522
8/11/2014,West,Office Supplies,Fasteners,22.96,2,0,10.7912
8/29/2016,East,Technology,Phones,22,4,0,5.5
2/15/2016,East,Office Supplies,Binders,398.352,3,0.2,124.485
2/15/2016,East,Office Supplies,Fasteners,8.72,4,0,3.5752
5/14/2017,South,Office Supplies,Envelopes,48.69,9,0,23.8581
12/12/2014,West,Furniture,Tables,764.688,6,0.2,95.586
12/12/2014,West,Furniture,Tables,3610.848,12,0.2,135.4068
12/12/2014,West,Furniture,Bookcases,254.9745,3,0.15,11.9988
12/18/2017,East,Office Supplies,Art,38.82,6,0,17.469
12/18/2017,East,Furniture,Chairs,1141.938,9,0.1,139.5702
12/18/2017,East,Office Supplies,Appliances,1704.56,13,0,511.368
12/18/2017,East,Office Supplies,Art,3.2,2,0,1.376
7/4/2015,Central,Technology,Phones,1099.96,4,0,285.9896
3/10/2017,East,Office Supplies,Art,5.248,2,0.2,0.5904
3/10/2017,East,Technology,Phones,35.91,3,0.4,-8.379
3/10/2017,East,Furniture,Furnishings,6.696,1,0.2,0.5022
3/10/2017,East,Furniture,Furnishings,43.872,2,0.2,11.5164
12/24/2016,South,Office Supplies,Binders,27.882,3,0.7,-20.4468
12/24/2016,South,Office Supplies,Storage,540.048,3,0.2,-47.2542
12/24/2016,South,Technology,Accessories,255.68,8,0.2,76.704
10/23/2017,South,Technology,Phones,863.88,3,0.2,107.985
10/28/2016,South,Office Supplies,Binders,17.616,4,0.7,-14.0928
7/7/2017,East,Office Supplies,Binders,17.472,3,0.2,6.3336
10/1/2016,Central,Technology,Phones,69.9,2,0,18.873
10/1/2016,Central,Furniture,Furnishings,41.85,5,0,10.881
9/2/2017,West,Office Supplies,Art,6.57,3,0,1.7739
12/24/2014,West,Office Supplies,Storage,142.86,1,0,41.4294
12/24/2014,West,Furniture,Chairs,292.272,6,0.2,18.267
9/23/2017,West,Furniture,Furnishings,29.328,3,0.2,3.666
6/4/2017,South,Office Supplies,Paper,12.48,2,0,5.616
4/21/2016,Central,Office Supplies,Storage,102.336,4,0.2,-12.792
4/21/2016,Central,Office Supplies,Appliances,48.792,3,0.8,-126.8592
4/21/2016,Central,Office Supplies,Binders,44.848,8,0.8,-67.272
5/26/2016,Central,Office Supplies,Paper,10.368,2,0.2,3.6288
5/26/2016,Central,Furniture,Chairs,388.43,5,0.3,-88.784
5/26/2016,Central,Office Supplies,Paper,14.352,3,0.2,5.2026
5/26/2016,Central,Technology,Accessories,63.992,1,0.2,-7.1991
5/2/2016,Central,Office Supplies,Art,86.352,3,0.2,5.397
9/8/2014,South,Technology,Accessories,32.97,3,0,12.8583
9/8/2014,South,Technology,Accessories,83.88,4,0,30.1968
9/5/2016,Central,Technology,Phones,278.4,3,0,80.736
4/9/2017,South,Office Supplies,Labels,15.12,3,0.2,4.914
4/9/2017,South,Office Supplies,Binders,17.43,1,0.7,-13.363
4/9/2017,South,Office Supplies,Paper,251.64,3,0.2,88.074
12/6/2015,Central,Office Supplies,Binders,2.772,7,0.8,-4.851
6/26/2016,East,Office Supplies,Storage,14.9,5,0,1.043
7/4/2015,East,Office Supplies,Art,15.48,3,0,4.4892
11/22/2016,East,Furniture,Furnishings,39.88,2,0,11.1664
11/22/2016,East,Office Supplies,Binders,12.192,4,0.2,4.1148
11/22/2016,East,Office Supplies,Art,20.82,3,0,7.4952
11/10/2016,West,Office Supplies,Binders,13.216,4,0.2,4.4604
11/10/2016,West,Office Supplies,Paper,32.4,5,0,15.552
8/27/2015,West,Office Supplies,Supplies,32.94,3,0,9.2232
8/27/2015,West,Office Supplies,Paper,114.2,5,0,52.532
8/27/2015,West,Office Supplies,Labels,3.08,1,0,1.4784
5/25/2015,West,Office Supplies,Appliances,845.728,13,0.2,84.5728
12/30/2017,West,Office Supplies,Binders,13.904,2,0.2,4.5188
12/30/2017,West,Office Supplies,Binders,20.72,2,0.2,6.475
12/8/2016,Central,Technology,Phones,114.95,5,0,2.299
10/4/2015,West,Office Supplies,Storage,26.96,2,0,7.0096
12/23/2016,South,Furniture,Furnishings,572.76,6,0,166.1004
12/23/2016,South,Furniture,Furnishings,286.38,3,0,83.0502
9/19/2015,South,Furniture,Bookcases,61.96,2,0,4.3372
7/3/2017,South,Furniture,Furnishings,23.99,1,0,5.5177
7/3/2017,South,Technology,Phones,287.97,3,0,77.7519
7/14/2016,Central,Technology,Phones,419.944,7,0.2,52.493
6/20/2016,West,Office Supplies,Paper,46.76,7,0,22.4448
6/20/2016,West,Office Supplies,Binders,17.712,3,0.2,6.4206
6/20/2016,West,Office Supplies,Appliances,21.78,2,0,5.6628
6/20/2016,West,Office Supplies,Storage,161.94,3,0,9.7164
6/20/2016,West,Furniture,Chairs,161.568,2,0.2,-8.0784
12/9/2016,East,Office Supplies,Labels,3.69,1,0,1.7343
12/9/2016,East,Office Supplies,Labels,122.12,4,0,56.1752
9/24/2016,East,Furniture,Chairs,155.372,2,0.3,-13.3176
12/18/2016,West,Office Supplies,Paper,38.88,6,0,18.6624
12/18/2016,West,Furniture,Furnishings,183.84,8,0,62.5056
12/18/2016,West,Office Supplies,Supplies,579.3,5,0,28.965
12/10/2017,East,Technology,Accessories,14.2,1,0.2,3.3725
7/1/2014,South,Technology,Phones,575.92,2,0.2,71.99
7/1/2014,South,Office Supplies,Binders,5.184,6,0.7,-3.6288
2/3/2017,East,Office Supplies,Binders,5.229,3,0.7,-4.1832
2/3/2017,East,Office Supplies,Storage,285.552,2,0.2,35.694
3/3/2017,South,Office Supplies,Appliances,72.8,5,0,19.656
10/9/2017,South,Office Supplies,Paper,10.816,4,0.2,3.5152
9/28/2014,East,Office Supplies,Storage,46.26,3,0,12.4902
5/27/2014,Central,Office Supplies,Binders,17.46,6,0.8,-30.555
6/14/2015,East,Furniture,Furnishings,51.072,6,0.2,5.1072
3/30/2016,East,Office Supplies,Paper,11.34,1,0,5.5566
10/15/2017,West,Office Supplies,Art,87.92,4,0,26.376
5/23/2016,West,Furniture,Furnishings,37.05,3,0,16.302
6/2/2017,East,Technology,Phones,2.97,1,0.4,-0.6435
6/2/2017,East,Office Supplies,Storage,27.44,2,0.2,2.401
2/16/2014,Central,Office Supplies,Binders,1.08,3,0.8,-1.728
2/16/2014,Central,Office Supplies,Appliances,7.96,2,0.8,-13.93
5/6/2014,West,Office Supplies,Binders,140.736,8,0.2,52.776
5/16/2016,East,Office Supplies,Storage,552.56,4,0,0
4/2/2017,West,Furniture,Furnishings,25.11,3,0,6.5286
3/31/2017,East,Furniture,Furnishings,29.78,2,0,8.0406
3/31/2017,East,Technology,Phones,677.58,3,0,176.1708
3/31/2017,East,Office Supplies,Paper,75.04,8,0,36.0192
1/2/2017,South,Technology,Machines,695.7,2,0.5,-27.828
1/2/2017,South,Office Supplies,Binders,15.66,5,0.7,-12.528
1/2/2017,South,Office Supplies,Binders,28.854,6,0.7,-21.1596
5/28/2015,East,Office Supplies,Art,47.82,3,0,14.346
5/28/2015,East,Office Supplies,Labels,13.05,5,0,6.003
3/17/2014,Central,Office Supplies,Appliances,93.78,2,0,36.5742
3/17/2014,Central,Office Supplies,Paper,47.18,7,0,23.59
3/17/2014,Central,Office Supplies,Art,19.68,6,0,5.7072
3/17/2014,Central,Office Supplies,Binders,53.4,10,0,25.098
3/17/2014,Central,Office Supplies,Binders,35.88,6,0,17.2224
10/3/2014,Central,Furniture,Chairs,258.279,3,0.3,-70.1043
3/28/2016,South,Office Supplies,Storage,31.4,2,0,7.85
5/4/2017,West,Technology,Phones,183.96,5,0.2,20.6955
5/4/2017,West,Office Supplies,Paper,17.61,3,0,8.4528
5/4/2017,West,Furniture,Tables,300.904,1,0.2,11.2839
7/5/2014,Central,Office Supplies,Storage,220.776,3,0.2,-44.1552
7/5/2014,Central,Office Supplies,Storage,281.424,11,0.2,-35.178
5/5/2016,South,Office Supplies,Paper,79.14,3,0,36.4044
4/26/2017,Central,Furniture,Furnishings,1.988,1,0.6,-1.4413
9/26/2014,West,Furniture,Chairs,145.568,2,0.2,0
10/19/2017,East,Office Supplies,Art,123.256,7,0.2,9.2442
10/19/2017,East,Office Supplies,Paper,23.68,4,0.2,7.4
10/19/2017,East,Technology,Phones,309.576,4,0.4,-56.7556
11/10/2017,West,Office Supplies,Binders,38.388,14,0.7,-25.592
11/10/2017,West,Technology,Machines,95.994,2,0.7,-63.996
11/10/2017,West,Technology,Accessories,239.952,6,0.2,-35.9928
11/10/2017,West,Technology,Phones,201.584,2,0.2,15.1188
11/10/2017,West,Furniture,Chairs,899.136,4,0.2,-146.1096
7/8/2017,West,Furniture,Furnishings,145.9,5,0,62.737
12/24/2015,West,Furniture,Bookcases,590.058,7,0.7,-786.744
12/24/2015,West,Office Supplies,Art,14.04,3,0.2,1.5795
3/7/2017,East,Technology,Accessories,49.08,3,0,4.908
4/1/2014,West,Office Supplies,Labels,29.6,2,0,14.8
4/1/2014,West,Office Supplies,Binders,17.088,4,0.2,5.5536
9/14/2015,West,Furniture,Tables,912.75,5,0,118.6575
8/4/2014,West,Office Supplies,Appliances,1089.75,3,0,305.13
8/4/2014,West,Office Supplies,Paper,447.84,8,0,219.4416
8/4/2014,West,Office Supplies,Art,16.4,5,0,4.264
8/4/2014,West,Technology,Phones,399.96,5,0.2,34.9965
8/4/2014,West,Office Supplies,Storage,158.9,5,0,7.945
8/4/2014,West,Office Supplies,Binders,13.184,1,0.2,4.7792
9/3/2016,Central,Furniture,Furnishings,83.952,3,0.6,-90.2484
2/5/2016,South,Office Supplies,Storage,80.98,1,0,1.6196
2/5/2016,South,Office Supplies,Paper,348.84,9,0,170.9316
2/5/2016,South,Office Supplies,Fasteners,9.45,5,0,0.189
2/5/2016,South,Furniture,Furnishings,18.84,3,0,7.1592
2/5/2016,South,Furniture,Bookcases,239.98,2,0,52.7956
2/5/2016,South,Office Supplies,Envelopes,167.96,2,0,78.9412
2/5/2016,South,Technology,Phones,104.85,3,0,28.3095
2/5/2016,South,Technology,Phones,484.83,3,0,126.0558
2/5/2016,South,Office Supplies,Paper,122.97,3,0,60.2553
2/5/2016,South,Office Supplies,Storage,154.44,3,0,1.5444
2/5/2016,South,Office Supplies,Paper,342.37,7,0,160.9139
7/3/2017,South,Office Supplies,Art,9.552,3,0.2,1.5522
10/9/2017,Central,Furniture,Tables,652.45,5,0.5,-430.617
10/9/2017,Central,Furniture,Tables,66.645,3,0.5,-42.6528
11/24/2016,East,Office Supplies,Binders,17.216,4,0.2,6.0256
11/24/2016,East,Office Supplies,Paper,11.56,2,0,5.6644
11/24/2016,East,Technology,Accessories,88.4,4,0,11.492
11/24/2016,East,Office Supplies,Paper,6.48,1,0,3.1104
11/1/2016,South,Technology,Phones,21.8,2,0,6.104
11/1/2016,South,Office Supplies,Envelopes,251.79,3,0,118.3413
4/19/2016,East,Furniture,Tables,205.176,2,0.4,-58.1332
4/19/2016,East,Office Supplies,Paper,419.4,5,0.2,146.79
4/6/2014,East,Office Supplies,Supplies,10.304,1,0.2,-2.1896
4/6/2014,East,Furniture,Tables,154.764,3,0.4,-36.1116
4/6/2014,East,Technology,Accessories,116.784,2,0.2,21.897
9/2/2016,East,Office Supplies,Art,75.48,2,0,19.6248
9/2/2016,East,Furniture,Furnishings,39.98,2,0,9.995
9/25/2016,West,Furniture,Tables,393.165,3,0.5,-204.4458
11/4/2017,Central,Office Supplies,Labels,23.68,2,0.2,8.88
7/9/2016,East,Furniture,Chairs,408.006,2,0.1,72.5344
7/9/2016,East,Furniture,Furnishings,165.28,4,0,14.8752
6/30/2014,East,Office Supplies,Binders,334.768,7,0.2,108.7996
1/28/2017,West,Technology,Accessories,239.97,3,0,26.3967
1/28/2017,West,Furniture,Furnishings,37.74,3,0,12.8316
9/21/2015,Central,Technology,Phones,946.344,7,0.2,118.293
9/21/2015,Central,Technology,Accessories,151.2,3,0.2,32.13
9/21/2015,Central,Furniture,Furnishings,4.928,4,0.6,-1.4784
9/26/2015,West,Office Supplies,Paper,86.272,4,0.2,31.2736
9/26/2015,West,Office Supplies,Binders,72.588,2,0.7,-48.392
9/26/2015,West,Office Supplies,Appliances,60.672,2,0.2,14.4096
9/26/2015,West,Office Supplies,Binders,77.031,9,0.7,-59.0571
9/26/2015,West,Office Supplies,Storage,119.904,6,0.2,-1.4988
9/26/2015,West,Technology,Phones,263.96,5,0.2,23.0965
9/26/2015,West,Office Supplies,Storage,363.648,4,0.2,-86.3664
10/31/2015,West,Office Supplies,Binders,9.728,2,0.2,3.2832
10/31/2015,West,Office Supplies,Envelopes,14.75,5,0,7.08
10/31/2015,West,Office Supplies,Binders,29.8,5,0.2,9.3125
10/31/2015,West,Office Supplies,Labels,427.42,14,0,196.6132
11/26/2017,East,Technology,Phones,220.752,8,0.4,-40.4712
12/19/2014,South,Office Supplies,Binders,152.76,6,0,74.8524
12/19/2014,South,Office Supplies,Supplies,7.27,1,0,1.9629
12/19/2014,South,Furniture,Chairs,1819.86,14,0,163.7874
12/26/2016,West,Office Supplies,Paper,33.9,5,0,15.594
6/20/2017,East,Office Supplies,Paper,31.104,6,0.2,10.8864
6/20/2017,East,Office Supplies,Art,5.248,2,0.2,0.5904
10/15/2015,Central,Technology,Accessories,263.88,3,0.2,42.8805
10/15/2015,Central,Furniture,Chairs,2453.43,5,0.3,-350.49
4/12/2017,East,Office Supplies,Binders,29.7,5,0,13.365
4/12/2017,East,Office Supplies,Paper,39.96,4,0,17.982
12/19/2017,West,Office Supplies,Binders,36.672,2,0.2,11.46
8/5/2017,South,Office Supplies,Paper,13.76,2,0,6.3296
10/1/2015,West,Office Supplies,Storage,139.424,4,0.2,17.428
5/23/2016,Central,Technology,Phones,1979.928,9,0.2,148.4946
6/13/2017,Central,Office Supplies,Storage,164.736,4,0.2,-39.1248
6/13/2017,Central,Furniture,Chairs,470.302,7,0.3,-87.3418
6/13/2017,Central,Technology,Phones,47.984,2,0.2,5.998
4/23/2014,East,Office Supplies,Binders,2.502,3,0.7,-1.7514
5/1/2015,West,Technology,Phones,88.752,3,0.2,11.094
7/19/2015,West,Office Supplies,Binders,2.025,1,0.7,-1.35
11/26/2016,South,Office Supplies,Paper,70.98,7,0,34.7802
11/26/2016,South,Office Supplies,Binders,91.68,3,0,45.84
11/26/2016,South,Office Supplies,Binders,33.75,5,0,16.875
11/26/2016,South,Technology,Machines,3040,8,0,1459.2
6/12/2017,South,Office Supplies,Binders,91.2,3,0,41.952
6/12/2017,South,Furniture,Tables,452.94,3,0,67.941
8/17/2015,East,Office Supplies,Binders,52.2,9,0,23.49
9/25/2016,Central,Office Supplies,Labels,15.936,4,0.2,5.1792
5/4/2014,East,Furniture,Furnishings,27.46,2,0,9.8856
12/1/2015,West,Office Supplies,Binders,55.424,2,0.2,19.3984
3/11/2016,East,Furniture,Tables,244.006,2,0.3,-31.3722
8/26/2016,Central,Technology,Accessories,159.984,2,0.2,43.9956
8/26/2016,Central,Furniture,Chairs,1024.716,6,0.3,-29.2776
12/16/2016,East,Office Supplies,Fasteners,3.68,2,0,1.8032
8/8/2014,West,Furniture,Furnishings,121.376,4,0.2,-3.0344
8/8/2014,West,Technology,Accessories,95.976,3,0.2,-10.7973
5/16/2015,South,Technology,Accessories,255.968,4,0.2,31.996
12/9/2017,Central,Furniture,Chairs,872.94,3,0,226.9644
12/9/2017,Central,Office Supplies,Binders,41.54,2,0,19.5238
12/9/2017,Central,Office Supplies,Paper,12.96,2,0,6.2208
9/24/2015,East,Office Supplies,Art,6.848,2,0.2,0.5992
7/11/2017,West,Office Supplies,Labels,8.67,3,0,4.0749
12/1/2015,Central,Furniture,Furnishings,6.688,4,0.6,-4.0128
11/19/2016,East,Office Supplies,Art,17.28,6,0,5.0112
11/19/2016,East,Office Supplies,Binders,17.712,3,0.2,6.4206
3/19/2017,East,Office Supplies,Labels,28.91,7,0,13.2986
11/13/2016,South,Office Supplies,Supplies,52.136,7,0.2,5.8653
11/19/2017,West,Technology,Phones,31.968,4,0.2,2.3976
12/2/2016,West,Office Supplies,Paper,25.92,4,0,12.4416
12/2/2016,West,Office Supplies,Paper,40.46,7,0,19.8254
12/2/2016,West,Office Supplies,Storage,33.87,3,0,8.8062
8/25/2017,South,Office Supplies,Art,9.728,2,0.2,1.7024
8/25/2017,South,Office Supplies,Paper,3.424,1,0.2,1.07
10/14/2016,West,Technology,Accessories,177,3,0,30.09
11/27/2014,East,Office Supplies,Fasteners,3.76,2,0,1.316
11/3/2015,West,Technology,Phones,1212.848,7,0.2,106.1242
11/3/2015,West,Technology,Accessories,89.97,3,0,37.7874
11/3/2015,West,Furniture,Furnishings,42.6,3,0,16.614
11/29/2014,East,Office Supplies,Labels,5.04,2,0.2,1.764
4/30/2017,East,Office Supplies,Envelopes,62.96,4,0,28.332
11/24/2017,East,Office Supplies,Paper,5.88,1,0,2.8812
11/24/2017,East,Furniture,Chairs,977.292,6,0.1,173.7408
10/30/2017,West,Furniture,Furnishings,9.64,2,0,3.6632
12/17/2014,South,Office Supplies,Art,40.05,3,0,11.214
9/4/2017,Central,Office Supplies,Art,10.192,7,0.2,3.185
9/4/2017,Central,Office Supplies,Storage,16.784,1,0.2,-0.2098
9/4/2017,Central,Office Supplies,Art,13.12,5,0.2,3.772
10/17/2016,West,Office Supplies,Binders,18.16,5,0.2,6.583
